Date,WTI,DXY,VIX,SP500,GOLD,NATGAS,CPI,FED_RATE
2015-09-14,0.0,0.0,0.0,0.0,0.0,0.0,0.0,0.0
2015-09-21,6.090909784490412,0.6719153697096456,-16.948456125161083,0.7137597065657318,2.293041936779984,-6.707757421621402,0.0,0.0
2015-09-28,0.9772734208540483,0.8188963562171916,13.938140869140625,-3.648689917547241,2.193739270496231,-7.070338670232861,0.0,0.0
2015-10-05,5.13635982166637,0.9028877798966535,-19.422676637000645,1.74190970035918,2.744427710942953,-11.167507644004223,0.09894820166907244,-14.285714285714295
2015-10-12,7.04545107754794,-0.4304500389599737,-33.31958731425177,3.298972912557873,5.163859868520669,-8.0855627084974,0.09894820166907244,-14.285714285714295
2015-10-19,4.295453158291903,-0.3044629034407808,-38.22680601139658,4.128456996221441,5.922190173146557,-11.457577829664702,0.09894820166907244,-14.285714285714295
2015-10-26,-0.045455585826526985,1.6902893546998032,-36.948453765554525,6.04956916030042,5.353439689637016,-25.235673921518963,0.09894820166907244,-14.285714285714295
2015-11-02,4.863634976473722,1.7637798479535762,-41.649486109153514,7.732600997723514,2.5367968669242886,-18.201590782761592,0.21852815602657938,-14.285714285714295
2015-11-09,-0.295456972989169,3.9160140230273948,-31.87628677210857,6.428475084600989,-1.7874810535890568,-16.606235017794948,0.21852815602657938,-14.285714285714295
2015-11-16,-5.13635982166637,4.398952694389764,-25.113402691084087,5.128436870242815,-2.1666517159822525,-13.524290082288125,0.21852815602657938,-14.285714285714295
2015-11-23,-5.113636363636364,4.776906091084317,-35.587629337900694,6.838607527291014,-3.6923268165246865,-19.86946625529807,0.21852815602657938,-14.285714285714295
2015-11-30,-5.340905623002485,5.165352408341536,-33.484539543230504,6.522167140377201,-3.7826039713572803,-18.963017456078855,0.21852815602657938,-14.285714285714295
2015-12-07,-14.431814713911576,3.580056338172572,-34.6804117419056,6.351158825097871,-2.825668334163886,-25.05438761952266,0.11073777463389387,71.4285714285714
2015-12-14,-17.477269606156785,2.467189999077264,-6.2680431247986474,3.5283590664596067,-3.8819176578015355,-31.327044084962775,0.11073777463389387,71.4285714285714
2015-12-21,-21.045450730757278,3.370077778973917,-22.886594792002253,3.4879133497866333,-2.32914398258462,-30.710656826785176,0.11073777463389387,71.4285714285714
2015-12-28,-16.340905969793145,2.8031476839320866,-30.268041866341814,5.297920111365415,-3.3583057517082904,-19.21682346564499,0.11073777463389387,71.4285714285714
2016-01-04,-16.454549269242722,3.800527817933891,-14.639172111589884,3.053204712079125,-2.943033043510459,-15.373451856820907,0.06484265130653578,142.85714285714286
2016-01-11,-28.613636710427027,3.653546831426345,0.20618242086823454,-1.5033043481739299,-1.01109972606085,-13.125453302201178,0.06484265130653578,142.85714285714286
2016-01-18,-33.136363462968305,4.062995009534941,11.42268230005638,-3.7224247529036103,-1.4624855002238195,-23.857868634642966,0.06484265130653578,142.85714285714286
2016-01-25,-31.045454198663887,4.3149612707103016,-0.4123727070916559,-3.8888328444970637,-0.13541573224889078,-21.754892205925195,0.06484265130653578,142.85714285714286
2016-02-01,-28.136361729015004,3.937007874015748,-17.608249310365657,-0.6989152347532899,1.8236051397146968,-21.972442684015842,-0.06821110072504936,171.4285714285714
2016-02-08,-32.52272605895996,1.3858264512590222,7.216494845360824,-5.099260451539457,8.143005977996266,-22.407534995578278,-0.06821110072504936,171.4285714285714
2016-02-15,-33.09090787714178,0.7664077238147966,4.7422664681660756,-4.518619717883783,11.862420349034931,-28.71645995942216,-0.06821110072504936,171.4285714285714
2016-02-22,-28.454546494917437,2.236217588890256,-20.082477687560406,-0.3855562476725431,9.190218770022254,-33.973892386597726,-0.06821110072504936,171.4285714285714
2016-02-29,-23.295454545454543,3.1076105873728674,-15.257735104904963,-1.0650142863196723,11.392983551969644,-37.962290443633194,-0.06821110072504936,171.4285714285714
2016-03-07,-13.863632895729758,1.910760834461122,-28.453606674351644,2.4950963240587574,14.038097576468342,-38.7237084723316,0.24505469519744255,157.1428571428571
2016-03-14,-15.49999930641868,1.4383230935244422,-30.22680380909713,3.4105970902835154,12.340893677711879,-34.046407771858135,0.24505469519744255,157.1428571428571
2016-03-21,-9.295454892245205,0.04199571183973097,-43.13402077586381,5.047032911975345,12.286729588844423,-33.72008637703159,0.24505469519744255,157.1428571428571
2016-03-28,-10.47727411443537,0.7244120119750657,-37.15464011910035,4.302034186412315,10.12910338431333,-32.99491955749925,0.24505469519744255,157.1428571428571
2016-04-04,-18.86363462968306,-0.7769006443774606,-41.77319634820997,5.790994087087484,9.957574586099302,-27.556196506017947,0.6290579289088749,164.28571428571425
2016-04-11,-8.27272588556463,-1.3648326002706692,-32.9484526644048,4.554971485488482,13.45129607005648,-30.67440129530969,0.6290579289088749,164.28571428571425
2016-04-18,-9.590911865234375,-0.7979025052288387,-44.94845203517638,7.2354268226292495,11.365895997455665,-29.659168612426296,0.6290579289088749,164.28571428571425
2016-04-25,-3.090910478071733,-0.4304500389599737,-41.93814464451112,6.900048014834721,11.844369326132613,-25.199418390043476,0.6290579289088749,164.28571428571425
2016-05-02,1.7727244984019885,-2.750659051529692,-39.46391626731637,6.574394679941312,16.88182795369505,-25.960836418741877,0.8669546690919492,164.28571428571425
2016-05-09,-1.2727303938432173,-1.1548540410720145,-39.9175270316527,5.41005056370866,14.25476495209867,-23.930379697593942,0.8669546690919492,164.28571428571425
2016-05-16,8.454548228870738,-0.7139110815493765,-39.46391626731637,5.818132906712589,14.9589311678571,-26.43219290639866,0.8669546690919492,164.28571428571425
2016-05-23,9.2727314342152,-0.02099385098835302,-34.762887856394975,4.864749048422479,12.945746207026056,-25.489479931085096,0.8669546690919492,164.28571428571425
2016-05-30,12.113640525124291,0.28346104258940286,-45.89690768841616,7.477101074039726,9.578414943866608,-21.356055425838246,0.8669546690919492,164.28571428571425
2016-06-06,12.931815060702236,-1.4173212326730644,-43.7113417792566,8.007039342288019,12.358944700614199,-10.587375917302118,1.1469570270065508,171.4285714285714
2016-06-13,11.090911518443715,-0.9238816308850065,-13.525776027404158,6.453051279618471,15.951979871015634,-6.27265646544011,1.1469570270065508,171.4285714285714
2016-06-20,12.20454302701083,-1.721784136113845,-24.247419219656088,6.667586711403842,16.45752973404606,-0.39883678008694756,1.1469570270065508,171.4285714285714
2016-06-27,5.295458706942472,1.3543316698449803,-1.649482963011437,2.432630786672002,19.391537266105356,-1.5228360573968114,1.1469570270065508,171.4285714285714
2016-07-04,11.340912905606357,0.4199491085342848,-39.0927816174694,7.676273258787209,20.67346845666399,8.303121831206902,1.0960092295514103,178.57142857142856
2016-07-11,1.7272689125754617,1.3858264512590222,-44.16494861091535,9.42790843204751,22.32554479816466,-2.030456721147936,1.0960092295514103,178.57142857142856
2016-07-18,2.8181856328790835,1.3753255208333335,-48.701032658213194,10.950157451406074,19.924174683649763,-1.30529422392502,1.0960092295514103,178.57142857142856
2016-07-25,-1.9772702997381038,2.14173324464813,-46.92783552346771,11.031573910281388,19.102654778705258,-0.39883678008694756,1.0960092295514103,178.57142857142856
2016-08-01,-8.95454233342951,0.4829386713623688,-48.701032658213194,11.152417286290547,22.000549244799423,0.47135648765678095,1.2829581722793444,185.7142857142857
2016-08-08,-2.2272716869007456,1.2073506833374343,-52.57731958762887,11.666992307500951,20.375560457812732,-0.3625812486114581,1.2829581722793444,185.7142857142857
2016-08-15,3.95454926924272,0.39894724768290685,-51.298967341786806,12.141127862342307,20.99847503018973,-6.091370163443808,1.2829581722793444,185.7142857142857
2016-08-22,6.931816447864879,-0.7664077238147966,-49.402059967984854,11.756596664512813,20.763745611496585,-2.8643944574161755,1.2829581722793444,185.7142857142857
2016-08-29,6.772726232355292,0.3464586152805118,-46.6391769881101,11.640878537718896,19.427650332070495,3.4445261841182786,1.2829581722793444,185.7142857142857
2016-09-05,0.9999968788840553,0.6614144392839567,-50.597940032015146,11.62040254207361,19.35542420014022,1.232783160974041,1.5486446201652213,185.7142857142857
2016-09-12,5.204547535289417,-0.1574819169332349,-37.484536711702646,10.548225407460437,19.25612153385647,5.692533383356861,1.5486446201652213,185.7142857142857
2016-09-19,-1.5909108248623935,0.6194187274442258,-35.958763987747666,9.528275812411378,18.579042872612014,6.381440349104288,1.5486446201652213,185.7142857142857
2016-09-26,4.386364329944958,0.06298956282808399,-40.20618556701031,9.88566819061577,20.94429992116177,8.66570307981836,1.5486446201652213,185.7142857142857
2016-10-03,10.931821302934127,0.5249343832020997,-44.041238371858896,10.658818285039109,18.17279567586534,5.98260356901734,1.7865413603483076,185.7142857142857
2016-10-10,13.204548575661399,1.3333298089936023,-44.82474179611992,10.784774409655668,12.747140874458552,15.772305926145563,1.7865413603483076,185.7142857142857
2016-10-17,13.499996878884055,2.7716529025180443,-33.15464295062822,8.882094391839804,13.243665226037818,17.62146770067834,1.7865413603483076,185.7142857142857
2016-10-24,14.818182858553799,3.5905492587352366,-46.30927646283022,10.1534562118083,13.92976939873343,2.6468526239443837,1.7865413603483076,185.7142857142857
2016-10-31,6.500001387162642,3.3595768485482282,-29.649486738381924,8.864168520194294,14.787402369643072,9.717191294177244,1.7865413603483076,185.7142857142857
2016-11-07,2.0227258855646304,2.6561666974245406,-22.84536460011276,9.139131890288166,15.40129143056891,2.1029764287177697,1.9065423708831317,192.8571428571428
2016-11-14,-1.5454552390358665,5.1023628455134515,-40.288661681499676,10.812425754202298,10.246457073499402,-0.3263170725171142,1.9065423708831317,192.8571428571428
2016-11-21,7.931821996515448,6.089242049089567,-48.78350484002497,12.55228535487538,9.199244281473414,6.961572075806393,1.9065423708831317,192.8571428571428
2016-11-28,7.000004161487926,6.383204022104659,-45.7731974493597,12.733544168585198,7.483978339654131,17.186375389115906,1.9065423708831317,192.8571428571428
2016-12-05,17.704547535289418,5.133857626927493,-49.938142914132975,12.886639112826861,5.985379773465173,32.48731618298583,2.163807695222701,285.7142857142857
2016-12-12,20.068185979669746,5.9947496949844155,-47.87628724402988,15.561969200752387,5.037469647722937,27.157364048240428,2.163807695222701,285.7142857142857
2016-12-19,18.454543027010832,8.283463926140092,-51.71134004887846,15.8471705686689,2.9610950865732786,22.987675366899236,2.163807695222701,285.7142857142857
2016-12-26,20.50000104037198,8.146983870058234,-52.82474399841938,15.911686205741754,2.184713759045072,32.77737772402746,2.163807695222701,285.7142857142857
2017-01-02,22.090911865234375,7.496062351336942,-42.10309294081226,14.633674062401283,3.8187280574829203,35.02538492326604,2.5768638051688875,364.2857142857143
2017-01-09,18.09090701016513,7.013123679974574,-52.329895176838356,16.173323927875995,6.843012744374814,12.509066044023587,2.5768638051688875,364.2857142857143
2017-01-16,19.02272484519265,6.225722105171424,-53.69072353716978,16.467225718850578,7.9082875794636225,23.966643873688287,2.5768638051688875,364.2857142857143
2017-01-23,19.886363636363637,5.154859487778872,-51.463915638087954,15.98387721602963,9.68674312160152,17.585212169202855,2.5768638051688875,364.2857142857143
2017-01-30,19.613638791170988,5.438320530368275,-51.01030880642921,16.787753804528744,7.718696738186774,17.186375389115906,2.5768638051688875,364.2857142857143
2017-02-06,20.47726891257546,4.892392296177821,-53.11340253377698,17.384782835065355,11.040900444090427,10.587384561920972,2.7402336019671787,371.4285714285714
2017-02-13,20.295455239035867,5.9947496949844155,-54.35051672237435,19.2121966930642,10.535350581060003,6.744021597715746,2.7402336019671787,371.4285714285714
2017-02-20,21.36363983154297,5.9842487645587275,-52.618557644873555,20.38524123235492,11.72700461678604,2.755627862989707,2.7402336019671787,371.4285714285714
2017-02-27,22.84090735695579,6.173225462906004,-50.1443292676788,21.337100016488304,13.5144966905356,-2.3567737936650506,2.7402336019671787,371.4285714285714
2017-03-06,20.90909264304421,6.708660776533792,-53.6494854799251,21.621788859483292,10.544376092511163,5.184921364224591,2.6922331977532465,464.2857142857142
2017-03-13,10.000003467906605,6.435692654507054,-53.19587471558875,21.527571778177716,8.549253174742939,10.333578552354837,2.6922331977532465,464.2857142857142
2017-03-20,9.590911865234375,5.417326679379921,-53.23711277283344,21.527571778177716,11.365895997455665,10.261058844785003,2.6922331977532465,464.2857142857142
2017-03-27,8.477271686900746,4.115483641937336,-48.45360824742268,19.895242406162,13.333942380870411,10.659904269490807,2.6922331977532465,464.2857142857142
2017-04-03,14.181821996515447,5.553806735461778,-48.94845313632611,20.778485353850332,12.91866967267258,13.415523487861659,2.818971107125122,542.8571428571428
2017-04-10,20.636367797851562,6.0577392578125,-42.06185488356758,20.6924561706813,12.945746207026056,17.403917222587697,2.818971107125122,542.8571428571428
2017-04-17,19.659094376997512,5.301840474286417,-39.54639238180573,20.275160879697776,16.403365645178603,14.68456218031119,2.818971107125122,542.8571428571428
2017-04-24,11.886362595991654,4.031492218257874,-55.298968442936534,21.562385971017843,15.175598543487427,11.167516288623077,2.818971107125122,542.8571428571428
2017-05-01,11.00000034679066,4.083988860523294,-58.309279766279396,22.288446275700156,13.144362559754066,16.569979486319458,2.739391489612544,550.0
2017-05-08,5.522727966308594,4.094489790948983,-59.71133831850032,22.854223786631625,10.616602224441438,15.010879252828301,2.739391489612544,550.0
2017-05-15,11.022723804820668,3.8425235297736218,-57.03092752043734,23.00476860687351,10.914510223292696,21.42857513340808,2.739391489612544,550.0
2017-05-22,15.295453505082564,1.8162764902189958,-54.92783379308956,22.57978544206712,13.81240468938686,20.739668167660653,2.739391489612544,550.0
2017-05-29,13.18181644786488,2.257219449741634,-59.54639002219918,23.696002218107857,14.435319261763857,17.33140615963672,2.739391489612544,550.0
2017-06-05,7.727276195179332,1.627299791871719,-58.47422806258054,24.734390209723948,15.491568585401506,8.1218355292106,2.8063394218056663,642.8571428571428
2017-06-12,4.727276888760653,1.9842513277148948,-52.742267883930005,24.390811003185032,14.299903529514966,9.64467158660741,2.8063394218056663,642.8571428571428
2017-06-19,0.4545471884987571,2.393699505823491,-57.23711387398317,25.623258430941203,12.32283163464906,4.931115354658456,2.8063394218056663,642.8571428571428
2017-06-26,-1.4090884815562854,2.288714231155676,-59.175259305029805,24.886460104122563,12.512422475925908,9.753446825652734,2.8063394218056663,642.8571428571428
2017-07-03,6.977272033691406,0.9973721241387795,-53.73195766173687,24.37136005738279,9.948549074648144,6.997827607281881,2.840023915990874,721.4285714285712
2017-07-10,0.9090943769975142,0.8398982170685696,-54.18556842607322,24.290456123429003,9.424937168554898,6.200145402489132,2.840023915990874,721.4285714285712
2017-07-17,4.590910131281072,-0.1259871355191929,-59.505155897632086,25.914085072386644,11.293680885685891,9.499640816086599,2.840023915990874,721.4285714285712
2017-07-24,5.3181821649724785,-1.3333298089936023,-61.11340080339885,26.465536886731115,13.198526648621522,5.112401656654757,2.840023915990874,721.4285714285712
2017-07-31,14.022723111239346,-2.5091857109169946,-57.690720705641915,26.48551285806272,14.345042106931263,1.30529422392502,2.840023915990874,721.4285714285712
2017-08-07,12.249998612837357,-1.910760834461122,-59.05154513329575,27.02876427366281,13.586711802305373,1.5591088781100098,3.235816722667139,728.5714285714286
2017-08-14,8.159091255881568,-1.8792660530470802,-49.15463948987194,26.25715175400404,15.933917827952811,7.287897792942361,3.235816722667139,728.5714285714286
2017-08-21,7.659088481556285,-2.257219449741634,-45.60824915305856,24.33859596422876,16.529755865976334,7.396664387368829,3.235816722667139,728.5714285714286
2017-08-28,5.8409083973277705,-3.1916020110523293,-53.31958888732281,25.151172975785947,18.235985276183957,6.055114631968319,3.235816722667139,728.5714285714286
2017-09-04,7.47727480801669,-2.5616823531824147,-58.22680365179003,26.805528418819364,19.572091575770546,11.312547059143888,3.7629790566657455,721.4285714285712
2017-09-11,9.249999306418678,-3.559054477321194,-55.75257920727288,27.39743220014073,20.158893082182406,6.961572075806393,3.7629790566657455,721.4285714285712
2017-09-18,13.431817835027521,-3.3595768485482282,-58.14433146997825,28.20438393816899,17.92905176588154,14.06816627751474,3.7629790566657455,721.4285714285712
2017-09-25,18.681820956143465,-2.7296571906783136,-57.89690705918774,27.835203486769544,17.974190343297835,5.837564153877674,3.7629790566657455,721.4285714285712
2017-10-02,14.95454961603338,-1.7742807783792651,-61.030928621587066,29.497246803625828,14.895730547377983,5.728788914832351,3.8434007865329454,721.4285714285712
2017-10-09,12.681822343306107,-1.5853040800319882,-57.40206217028431,30.29651066783122,15.71726147248299,2.719363686895363,3.8434007865329454,721.4285714285712
2017-10-16,17.886361208829012,-2.0682427513943566,-59.13402124778512,30.95753030991132,17.351275770920836,6.81654130528558,3.8434007865329454,721.4285714285712
2017-10-23,17.95454892245206,-1.3753255208333335,-54.35051672237435,31.333361084682743,15.347116321540955,8.448152601727713,3.8434007865329454,721.4285714285712
2017-10-30,23.068185286088426,-0.7979025052288387,-56.70103092783505,31.735305629236223,15.022120768175718,7.541703802508495,3.8434007865329454,721.4285714285712
2017-11-06,30.340905623002485,-0.5564291646161418,-61.23711497513289,32.6723011906454,15.500594096852662,13.633073965952306,4.120455751206327,728.5714285714286
2017-11-13,28.999996185302734,-0.7979025052288387,-52.57731958762887,32.3502480308105,15.311014275736317,14.829592950832001,4.120455751206327,728.5714285714286
2017-11-20,27.477273074063387,-1.2283445343257875,-56.08247579987516,32.21199130807735,15.067259345592014,10.47860932287565,4.120455751206327,728.5714285714286
2017-11-27,32.06818320534446,-2.467189999077264,-59.298969544086255,33.199176809972386,16.800587330474116,6.163889871013642,4.120455751206327,728.5714285714286
2017-12-04,30.613639137961645,-2.162727095636483,-51.835050287934926,35.14589646921581,15.040182811238537,8.230602123637068,4.339826019587541,828.5714285714287
2017-12-11,31.795458360151812,-1.4488160140871063,-61.48453545324581,36.198110133105224,12.277693057232762,2.5380773848990614,4.339826019587541,828.5714285714287
2017-12-18,29.90909056230025,-1.627299791871719,-60.701032028984784,37.74288524779517,13.947820421635749,-0.47135648765678095,4.339826019587541,828.5714285714287
2017-12-25,32.88636641068892,-1.9947522581405839,-59.175259305029805,37.39369326833517,15.139485477522289,-3.2994867689786123,4.339826019587541,828.5714285714287
2018-01-01,37.31817765669389,-3.2860863552944557,-54.474226961430816,36.89549404339786,17.92905176588154,7.070347314851714,4.783619230477738,907.1428571428571
2018-01-08,40.29545350508256,-3.0656148755331363,-60.742266153551874,40.689591031363896,19.039454158226143,2.7918833944651964,4.783619230477738,907.1428571428571
2018-01-15,46.13637057217685,-4.49343703863189,-58.103093412733564,42.66242446038939,20.375560457812732,16.026111935711697,4.783619230477738,907.1428571428571
2018-01-22,44.29545836015181,-5.091861915087763,-54.5154650186755,45.05511580500602,20.149867570731246,16.896305203455427,4.783619230477738,907.1428571428571
2018-01-29,48.99999445134943,-6.236223035597113,-42.92783442231798,46.10784199381695,22.01860026770174,31.653378446717596,4.783619230477738,907.1428571428571
2018-02-05,45.79545801336115,-5.9842487645587275,53.89690595803801,35.63232012156591,20.339447391847592,-0.39883678008694756,5.065726869278902,914.2857142857141
2018-02-12,34.75000208074396,-5.291339543860729,5.608249939594072,35.993812699142495,19.545004021256567,-7.469175450319808,5.065726869278902,914.2857142857141
2018-02-19,40.18181887539951,-6.456694515358431,-19.752581094958117,39.89646496560895,22.163041511401786,-7.251624972229162,5.065726869278902,914.2857142857141
2018-02-26,45.249999653209336,-5.700787721969324,-34.84536003820675,42.32244542890898,20.13180552766843,-4.314719451862008,5.065726869278902,914.2857142857141
2018-03-05,42.20454476096413,-5.427819599942586,-22.76288848562339,39.318899381482424,18.994315580809847,-1.9579370135781027,5.085937565790031,978.5714285714284
2018-03-12,39.4545468417081,-5.616796298289863,-34.927836152696116,42.497553943560504,19.111680290156418,0.7251711418417706,5.085937565790031,978.5714285714284
2018-03-19,41.04545766657049,-5.616796298289863,-21.567008421593105,38.90825441387087,18.876961891623775,-3.879618495680716,5.085937565790031,978.5714285714284
2018-03-26,48.97727966308594,-6.530185008612205,-13.278347683936051,36.124381548052774,22.271380709297205,-5.076137480560414,5.085937565790031,978.5714285714284
2018-04-02,43.20454163984819,-5.459314381356627,-2.5979346835736146,32.198678160725564,21.160967296792098,-2.7193550422765083,5.359624081044899,1107.1428571428569
2018-04-09,44.13635947487571,-5.679793870980971,-10.226802236026096,33.80029353927335,20.637366410859354,-2.3567737936650506,5.359624081044899,1107.1428571428569
2018-04-16,50.50000277432528,-6.11023590007792,-31.71134240848502,37.11207957486933,21.648466136920206,-0.21754183347179132,5.359624081044899,1107.1428571428569
2018-04-23,55.99999861283735,-4.524931820045932,-32.618556071802516,36.725498277353736,19.391537266105356,-0.6526427896530829,5.359624081044899,1107.1428571428569
2018-04-30,55.84090839732777,-3.580056338172572,-34.30927709205863,35.58675540598162,18.822786782595816,0.18129494661515624,5.359624081044899,1107.1428571428569
2018-05-07,60.75000762939453,-2.6246719160104988,-39.175257731958766,36.845304102912,18.46167816326544,-0.6163872581775933,5.597520821227973,1114.2857142857142
2018-05-14,61.27272519198331,-2.7926547633694225,-46.68041111267719,39.78944726187311,18.849874337109796,3.045689404031332,5.597520821227973,1114.2857142857142
2018-05-21,64.18181332674894,-1.648293642860072,-46.0618559847173,39.936916932585845,16.47558075694838,1.8854259506271238,5.597520821227973,1114.2857142857142
2018-05-28,54.27272103049538,-1.1128583292322836,-45.4845349813245,39.33887535281403,17.658220301383757,6.562726651100589,5.597520821227973,1114.2857142857142
2018-06-04,47.159090909090914,-1.2913421070168964,-47.46391846961582,40.646588940387225,16.737386709995,6.236409578583475,5.692679517301203,1200.0
2018-06-11,50.227269259366125,-1.7532789175278871,-49.07216337538257,42.44532640399639,17.260998616088244,6.925307899712048,5.692679517301203,1200.0
2018-06-18,49.659087441184305,-0.5249343832020997,-49.237111671683714,42.022905863797625,15.211700589292063,6.997827607281881,5.692679517301203,1200.0
2018-06-25,54.727276888760656,-1.0183739849901574,-28.53608278884101,39.120752246577986,14.25476495209867,5.98260356901734,5.692679517301203,1200.0
2018-07-02,68.04546009410511,-0.39894724768290685,-35.67010151971247,39.61433874722158,11.925620969514048,3.7708519012542476,5.7752065280549765,1264.2857142857142
2018-07-09,67.84090562300248,-1.2283445343257875,-47.670104823161644,42.55643180649659,13.577686290854215,2.5380773848990614,5.7752065280549765,1264.2857142857142
2018-07-16,54.68181263316762,-0.7769006443774606,-47.09278381976885,43.28657980994326,11.772143194202338,0.03626417609434392,5.7752065280549765,1264.2857142857142
2018-07-23,54.295453158291906,-0.6089258068815616,-47.95876335851925,43.72436359717991,10.499237515094865,-1.3415497554005096,5.7752065280549765,1264.2857142857142
2018-07-30,59.38635739413175,-0.9343825613106956,-41.195875344817175,43.50010269249342,10.255493605111063,1.414069462970343,5.7752065280549765,1264.2857142857142
2018-08-06,56.840913945978336,0.11548620509350394,-53.52577130819104,45.94757170067395,9.10896712664082,3.6983321936844145,5.964260751669497,1264.2857142857142
2018-08-13,52.72726579145952,1.1968497529117454,-39.05154749290231,44.48983831838823,7.547178960133246,6.236409578583475,5.964260751669497,1264.2857142857142
2018-08-20,50.977273420854054,0.6824163001353346,-48.49484630466737,46.288075757683714,7.140931763386575,6.635246358670423,5.964260751669497,1264.2857142857142
2018-08-27,56.522733514959164,-0.4934396017880578,-49.8556707323212,48.32029957456681,9.145080192605958,4.2784639203865185,5.964260751669497,1264.2857142857142
2018-09-03,58.636370572176844,-0.11548620509350394,-46.96907358071239,48.565048975506436,8.359673353626592,5.728788914832351,6.1827889076960645,1292.8571428571427
2018-09-10,53.50000208074396,-0.10498527466781496,-41.608248051908824,47.316213250869325,7.700645715284455,1.6678754725364782,6.1827889076960645,1292.8571428571427
2018-09-17,56.61364468661222,-0.7769006443774606,-43.58762760752255,47.91375480632746,8.305498244598633,2.030456721147936,6.1827889076960645,1292.8571428571427
2018-09-24,63.81818597966974,-1.0393678359785103,-49.69072243602006,49.47901841727054,8.269396198793997,10.152292250358535,6.1827889076960645,1292.8571428571427
2018-10-01,71.13637057217684,0.052496642265419946,-50.51546391752577,49.74629391354154,7.168008297740052,12.182748971506472,6.43121205231202,1464.285714285714
2018-10-08,68.84091117165305,0.5459282341904528,-35.29897080254309,47.689993925954646,6.924264387756248,18.45540543694658,6.43121205231202,1464.285714285714
2018-10-15,63.13636086203835,-0.1889766983472769,-12.164951599750323,40.847298699899284,10.71590489072519,17.548956637727365,6.43121205231202,1464.285714285714
2018-10-22,57.20454129305753,0.7979025052288387,-19.010311795264176,41.10791137219047,10.246457073499402,13.778104736473114,6.43121205231202,1464.285714285714
2018-10-29,52.36363844438032,1.3963273816847113,1.8556732492348582,35.23857597575682,10.544376092511163,15.482235740485084,6.43121205231202,1464.285714285714
2018-11-05,43.409087441184305,1.1548540410720145,-17.690725424855025,40.208292628229046,11.022849421188111,29.33285153990918,6.35626405274992,1471.4285714285713
2018-11-12,36.204546148126774,2.40420043624918,-15.67009994664143,39.589250027282574,8.449950508459185,37.345911830074456,6.35626405274992,1471.4285714285713
2018-11-19,28.999996185302734,0.9868792035761156,-17.113400488784634,37.772074167106375,10.41798587171343,70.41334245052468,6.35626405274992,1471.4285714285713
2018-11-26,17.340911518443715,1.910760834461122,-22.061857243174128,36.887293644653475,10.156179918666808,54.02466655543924,6.35626405274992,1471.4285714285713
2018-12-03,20.340910824862394,1.8792660530470802,-32.20618336471085,42.87389724325345,11.392983551969644,57.3241619690367,6.429106771425445,1521.428571428571
2018-12-10,15.909090909090908,2.0682427513943566,-6.639177774645619,35.057829686968525,12.277693057232762,64.7933374193565,6.429106771425445,1521.428571428571
2018-12-17,13.363638791170986,1.942255615875164,1.113403949540915,30.358463680296456,12.611725142209663,27.91879072155769,6.429106771425445,1521.428571428571
2018-12-24,-3.340911865234375,1.3648326002706692,48.742266782780284,20.382178583433618,14.426293750312697,25.7070390537946,6.429106771425445,1521.428571428571
2018-12-31,3.2045451077547944,0.9658773427247376,4.824742582655444,28.35696635748913,15.40129143056891,6.598990827194934,6.429106771425445,1521.428571428571
2019-01-07,10.272728313099254,0.4829386713623688,-11.752578892658667,30.55047301675044,16.16864724664596,6.744021597715746,6.342369198898525,1614.2857142857138
2019-01-14,14.79545073075728,0.35695153584317585,-21.360826000724874,32.23606747878115,16.376278090664623,30.20305345227176,6.342369198898525,1614.2857142857138
2019-01-21,22.272725538773972,1.1443531106463254,-26.597941290471972,36.74699932284207,15.672122895066693,26.25091524902121,6.342369198898525,1614.2857142857138
2019-01-28,18.159094723788176,0.5249343832020997,-22.185563549553,35.37170744927472,17.576968658002322,5.547502612836048,6.342369198898525,1614.2857142857138
2019-02-04,24.000003121115945,0.6299196578699147,-35.13402250624195,39.520134166523846,18.65126900454229,-3.5532927785447477,6.661529781303422,1614.2857142857138
2019-02-11,19.113636016845703,1.9002599040354329,-34.14432879575749,38.748509146257234,17.992241366200155,-4.205944212816685,6.661529781303422,1614.2857142857138
2019-02-18,26.34090943769975,1.7532789175278871,-38.51546454675419,42.11763547002473,18.994315580809847,-4.822331470994278,6.661529781303422,1614.2857142857138
2019-02-25,26.09090805053711,1.2178516137631232,-38.7628850248671,43.16779903422804,19.69848179656828,2.828138925940686,6.661529781303422,1614.2857142857138
2019-03-04,28.613636710427027,1.5013126563525263,-39.670102620862195,42.998828318026966,15.988092936980772,3.5895655992579463,7.0649015991713595,1621.428571428571
2019-03-11,29.06818389892578,2.0682427513943566,-40.90721680945957,42.51189214075534,16.349201556311147,0.5076206637511248,7.0649015991713595,1621.428571428571
2019-03-18,34.29545489224521,1.3333298089936023,-45.97937987022793,45.05357823024145,17.387388836885975,3.3357509450729563,7.0649015991713595,1621.428571428571
2019-03-25,33.68181748823686,1.3858264512590222,-32.6597941290472,43.28300463610043,19.3373731772379,-0.10876659442646845,7.0649015991713595,1621.428571428571
2019-04-01,39.97727307406338,2.099737532808399,-44.74226961430815,46.80726350318784,16.313088490346008,-1.8129062430572904,7.467431304684677,1628.5714285714282
2019-04-08,46.36363983154297,1.8897669834727688,-45.64948327762565,48.27063465961032,17.098495329325374,-1.8129062430572904,7.467431304684677,1628.5714285714282
2019-04-15,44.090912558815695,1.7742807783792651,-49.19587754711662,48.772934083919836,16.16864724664596,-6.091370163443808,7.467431304684677,1628.5714285714282
2019-04-22,49.31817488236861,2.131232314222441,-48.78350484002497,48.89530253408572,14.967956679308262,-8.484408133203203,7.467431304684677,1628.5714285714282
2019-04-29,44.31818181818182,2.7401581211040025,-45.93814574566084,50.690464823852054,15.428367964922387,-5.9825949243984855,7.467431304684677,1628.5714285714282
2019-05-06,41.47727272727273,2.383198575397802,-36.32989863759464,50.149763532251754,15.708224940871329,-8.484408133203203,7.4939578438555285,1607.1428571428569
2019-05-13,38.727274808016695,2.173228026062172,-15.257735104904963,43.9747507722563,17.369326793823156,-4.967362241515091,7.4939578438555285,1607.1428571428569
2019-05-20,43.409087441184305,2.8136486143577755,-32.74227024353657,45.426846380405244,15.202675077840905,-3.0819362908879664,7.4939578438555285,1607.1428571428569
2019-05-27,33.250002427534625,2.4776909295029528,-34.639173684660925,44.7013111012523,15.825589650217903,-5.801299977783329,7.4939578438555285,1607.1428571428569
2019-06-03,21.022727272727273,1.9842513277148948,-22.22680160679768,40.522670414848925,19.409588289007676,-12.871638648016189,7.4590101811383684,1599.9999999999995
2019-06-10,21.045450730757278,1.5853040800319882,-34.26804296749154,47.80776215243466,19.590142598672863,-14.539514120552669,7.4590101811383684,1599.9999999999995
2019-06-17,18.022727966308594,2.4251942872375327,-36.70102935476402,47.9582944720687,20.854022766329177,-13.488034550812639,7.4590101811383684,1599.9999999999995
2019-06-24,31.5909125588157,0.7664077238147966,-37.07216400461098,50.80925810017513,27.67898448780167,-16.497459778749626,7.4590101811383684,1599.9999999999995
2019-07-01,34.29545489224521,1.6692874938484252,-42.020616826322886,51.78108035503226,25.088023532009927,-17.802754002674646,7.7070122695770085,1614.2857142857138
2019-07-08,31.045454198663887,2.236217588890256,-42.43298953341454,52.37604678527493,26.1171853011336,-12.871638648016189,7.7070122695770085,1614.2857142857138
2019-07-15,35.409095070578836,1.7637798479535762,-47.711338947728734,54.339667266320824,27.41717853475505,-12.690352346019887,7.7070122695770085,1614.2857142857138
2019-07-22,27.77273004705256,2.110238463234088,-44.206186668160036,52.84096939213669,28.672033190960207,-16.171134061613657,7.7070122695770085,1614.2857142857138
2019-07-29,29.249997572465375,2.9291348194512796,-47.09278381976885,54.68118387256581,28.15744679631812,-22.371279464102788,7.7070122695770085,1614.2857142857138
2019-08-05,24.2954514243386,2.3622047244094486,1.402062484898518,45.657770109071556,32.21991876378485,-24.94561238047734,7.805539415068763,1421.428571428571
2019-08-12,24.84090978449041,2.236217588890256,-13.030927205823131,47.60141461878584,35.89420557756771,-23.67657368802781,7.805539415068763,1421.428571428571
2019-08-19,27.749997919256035,3.254591573880413,-30.39175603807587,49.69815407274179,35.4518453148559,-19.86946625529807,7.805539415068763,1421.428571428571
2019-08-26,21.90908952192827,2.9711305312910103,-20.329898165673324,47.38021636302065,37.79002582905219,-19.144303758075154,7.805539415068763,1421.428571428571
2019-09-02,25.22726925936612,3.8530164503362863,-21.731960650571843,49.84203606900385,37.14002370216121,-17.15010256840271,7.971435548930946,1357.1428571428569
2019-09-09,31.47726925936612,3.18110108062664,-37.0309259473663,52.50302795973454,35.61433758145827,-6.27265646544011,7.971435548930946,1357.1428571428569
2019-09-16,42.954548922452055,3.5695554077468836,-39.50515432456105,53.50301408405984,35.69558922483971,-2.791874749846342,7.971435548930946,1357.1428571428569
2019-09-23,33.27272588556463,3.517058765481463,-38.51546454675419,53.18658619775387,37.55529641035904,-8.375632894157881,7.971435548930946,1357.1428571428569
2019-09-30,22.886362942782316,4.335955121698655,-33.03092877889417,52.416498752251826,32.319221430068595,-15.518491271960574,7.971435548930946,1357.1428571428569
2019-10-07,19.886363636363637,3.9265069435900593,-26.350512947003867,50.47336676745907,35.208090384711596,-16.497459778749626,8.276701277484435,1207.1428571428569
2019-10-14,21.795454892245207,3.3595768485482282,-39.9175270316527,51.87425988588695,34.66642745571604,-17.331397515017862,8.276701277484435,1207.1428571428569
2019-10-21,21.159094030206855,2.183728956487861,-42.2680412371134,53.95154839404066,33.82685652786922,-18.85424221703353,8.276701277484435,1207.1428571428569
2019-10-28,26.840912212025035,2.6351728464361877,-45.93814574566084,55.62586730779784,34.512960700564825,-11.312538414525035,8.276701277484435,1207.1428571428569
2019-11-04,28.500002080743965,2.372705654835138,-47.09278381976885,57.61508903370426,36.137949487551516,2.2842713753329256,8.581545949860644,1007.1428571428571
2019-11-11,29.22727411443537,3.0971096569471785,-47.670104823161644,58.062598293842036,31.398398858840338,-4.387230514812987,8.581545949860644,1007.1428571428571
2019-11-18,29.659089175137606,2.66666762785023,-48.61855654372383,59.85571048392227,32.788669247294386,-6.961563431187537,8.581545949860644,1007.1428571428571
2019-11-25,31.840905276211824,3.223096792466371,-51.05154686367389,60.45016438924342,31.497701525124093,-8.230602123637068,8.581545949860644,1007.1428571428571
2019-12-02,27.18181610107422,2.7401581211040025,-38.51546454675419,59.43790266801723,32.01228791976618,-15.554746803436062,8.89775913902433,1007.1428571428571
2019-12-09,34.13636467673562,2.5091857109169946,-34.597939560093835,60.568957665566494,31.741456455268395,-19.07178405050532,8.89775913902433,1007.1428571428571
2019-12-16,36.84090701016513,1.910760834461122,-49.938142914132975,63.41018332016394,33.158803378075916,-15.119645847254773,8.89775913902433,1007.1428571428571
2019-12-23,37.545455585826524,2.530187571768373,-48.00000141576393,65.07733938562762,33.835882039320374,-19.72443548477726,8.89775913902433,1007.1428571428571
2019-12-30,40.18181887539951,1.5643022191806102,-38.88659919660115,64.93807011365928,36.724750993963376,-20.739659523041798,8.89775913902433,1007.1428571428571
2020-01-06,43.795455585826524,1.4908117259268372,-42.886596365073295,66.21761983176432,41.392075490744276,-22.588829942193435,9.10702405914998,1007.1428571428571
2020-01-13,32.00000416148793,2.2047228074762137,-49.19587754711662,68.36043652622608,39.78514874682041,-20.88469893818147,9.10702405914998,1007.1428571428571
2020-01-20,33.04545662619851,2.4776909295029528,-50.103091210434116,70.48483982533651,40.72403336111148,-27.374905881712223,9.10702405914998,1007.1428571428571
2020-01-27,20.77272588556463,2.8451433957718177,-24.82474415572648,66.0819257336388,42.34902214809818,-31.036982543921148,9.10702405914998,1007.1428571428571
2020-02-03,13.88636502352628,2.677168558275919,-25.896910048022715,66.35278890436047,42.38512419390281,-34.046407771858135,9.158813968959743,1028.5714285714284
2020-02-10,12.659090215509588,3.7585321060941603,-37.97938160060607,71.63535826929585,42.159431306821325,-35.96808925396075,9.158813968959743,1028.5714285714284
2020-02-17,18.295452811501242,4.062995009534941,-43.58762760752255,73.07260315532844,42.88164854548208,-33.39376065989563,9.158813968959743,1028.5714285714284
2020-02-24,16.886364329944957,4.241470777456529,3.2164976768886917,65.17359406601146,50.97951594606205,-33.75634190850708,9.158813968959743,1028.5714285714284
2020-03-02,6.25,2.215223737901903,37.81442543894975,58.22746881067092,43.74831804800338,-36.330670502572204,8.664494016791734,364.2857142857143
2020-03-09,-29.250001907348633,-0.36745246626886485,124.57731581225838,40.63071316842781,51.1690957671784,-35.53299262008888,8.664494016791734,364.2857142857143
2020-03-16,-34.77272553877397,2.9816234518536744,240.98970078930412,22.175790797827545,34.14282656978329,-34.19143854237895,8.664494016791734,364.2857142857143
2020-03-23,-46.909089521928266,7.601047626004758,153.9793820725274,14.56044550166252,41.464301622674554,-41.91442864688374,8.664494016791734,364.2857142857143
2020-03-30,-54.34090874411843,4.125984572363025,135.38145084971006,34.49101462558617,46.42954513846721,-38.7237084723316,8.664494016791734,364.2857142857143
2020-04-06,-40.72727290066806,5.711288652395012,86.5567079524404,36.38704432003006,51.39478865425987,-37.23712794641028,7.803855190359495,-64.28571428571429
2020-04-13,-49.06818216497248,4.304460340284613,69.7731883255477,41.402325688086584,57.51558415997394,-37.490933955976416,7.803855190359495,-64.28571428571429
2020-04-20,-185.5227297002619,4.944880928580217,80.7422755919781,44.55281638069651,53.61560445910959,-30.2393003391284,7.803855190359495,-64.28571428571429
2020-04-27,-70.95454606142911,5.028872352259679,37.27835429083441,47.38534161223589,54.545463561949504,-34.046407771858135,7.803855190359495,-64.28571428571429
2020-05-04,-53.659092296253554,4.440948406229495,48.329901941043815,45.55536512962943,54.09407778778653,-27.73748713032368,7.7070122695770085,-64.28571428571429
2020-05-11,-45.136365023526274,5.238842901595309,13.690720391027705,50.03302035561479,53.046864995760544,-33.792601762292,7.7070122695770085,-64.28571428571429
2020-05-18,-27.681818875399504,4.640418025139436,20.824739121899164,51.247541911725456,56.34198114715022,-35.35170199578315,7.7070122695770085,-64.28571428571429
2020-05-25,-24.431818181818183,4.839895653912402,16.12371071097777,51.326395745993146,56.594750568585184,-37.23712794641028,7.7070122695770085,-64.28571428571429
2020-06-01,-19.4545485756614,2.7086633396899606,16.412369246335373,56.46098291529425,56.88364407614578,-35.678023390609695,8.229121929447821,-42.85714285714286
2020-06-08,-13.204548575661399,1.4383230935244422,6.432987488422197,65.50641024919837,53.317696460258325,-35.13415151769251,8.229121929447821,-42.85714285714286
2020-06-15,-15.63636606389826,1.5013126563525263,41.85567639537693,57.01704745393245,55.30379386657539,-39.48513082333943,8.229121929447821,-42.85714285714286
2020-06-22,-8.04545662619851,1.8792660530470802,31.01031116603576,59.64220010197996,58.589873486353405,-39.66642144764516,8.229121929447821,-42.85714285714286
2020-06-29,-9.77272553877397,2.40420043624918,31.051549223280446,56.333489215913126,60.22389880495176,-38.0348058288936,8.229121929447821,-42.85714285714286
2020-07-06,-7.659088481556285,1.6167988614460302,15.216497047660276,62.80957911578451,61.46069141809409,-33.64756666946176,8.780705521730702,-35.71428571428572
2020-07-13,-8.863639831542969,1.2703402461655184,32.74226237818138,61.55511811761847,63.49192740182745,-36.94706208305923,8.780705521730702,-35.71428571428572
2020-07-20,-7.249996878884056,0.6089258068815616,0.8659756060728092,66.50230867475932,63.934287664539255,-40.5003591839134,8.780705521730702,-35.71428571428572
2020-07-27,-5.45454892245206,-1.6587945732857612,2.0206176128584086,65.86585272708886,74.32518598173871,-37.128352707364954,8.780705521730702,-35.71428571428572
2020-08-03,-6.7954583601518115,-1.837270341207349,0.12371417173405283,68.69224016017779,77.48488640087949,-23.82160445854862,9.186603676662534,-28.571428571428577
2020-08-10,-4.681821302934126,-1.7532789175278871,-8.742271501993395,72.06442913286658,82.75707444713508,-21.936178507921497,9.186603676662534,-28.571428571428577
2020-08-17,-2.5227286598899146,-2.5196866413426835,-11.958761313526901,73.16630771171249,79.20015234269879,-15.192165554824605,9.186603676662534,-28.571428571428577
2020-08-24,-3.13636606389826,-2.0472408905429793,-7.752573858831346,75.69008043016092,74.02726696272696,-8.88324491329015,9.186603676662534,-28.571428571428577
2020-08-31,-3.159089521928267,-3.2650925043061023,8.907215865616946,79.22458979567881,77.62932764457955,-4.641036524379122,9.186603676662534,-28.571428571428577
2020-09-07,-9.613635323264381,-2.6561666974245406,26.804123711340207,75.46888217439573,73.6842203864594,-6.163881226394788,9.473342933414186,-35.71428571428572
2020-09-14,-15.318185632879084,-2.288714231155676,6.597939717400934,73.2456740709017,76.32030889950694,-16.24365376918349,9.473342933414186,-35.71428571428572
2020-09-21,-10.659087787974965,-1.7952746293676183,14.556703862455702,67.99844392433582,71.63492235966321,-33.46627604515603,9.473342933414186,-35.71428571428572
2020-09-28,-7.727276195179332,-1.0393678359785103,8.000002202299452,71.61026954935684,69.07105997854596,-23.82160445854862,9.473342933414186,-35.71428571428572
2020-10-05,-10.86363358931108,-1.82676941078166,15.298965296794458,74.52881146345742,72.65505861733573,-5.184912719605736,9.608923022509675,-35.71428571428572
2020-10-12,-10.386362942782315,-2.288714231155676,3.381442040512242,80.96086172190122,73.55783016566167,4.459758867001675,9.608923022509675,-35.71428571428572
2020-10-19,-7.204541293057528,-1.910760834461122,20.329898165673324,75.46683207470963,72.104370176889,1.3415584000193639,9.608923022509675,-35.71428571428572
2020-10-26,-12.36363324252042,-2.309708082144029,33.8556663277223,74.13812996656962,71.7703380919121,9.64467158660741,9.608923022509675,-35.71428571428572
2020-11-02,-16.340905969793145,-1.2598393157398293,53.11340646645457,69.49252907422624,70.6599356995675,17.62146770067834,9.858188279480254,-35.71428571428572
2020-11-09,-8.431816101074219,-2.6456657669988517,6.185567010309279,81.79443975463306,67.30161892769871,3.662076662208925,9.858188279480254,-35.71428571428572
2020-11-16,-6.045454198663885,-2.8136486143577755,-7.422677266229059,85.70681749400065,70.38007872361857,-2.211743023144238,9.858188279480254,-35.71428571428572
2020-11-23,-2.136360515247692,-2.8766381771858596,-6.55670166015625,83.18151970139547,65.91135955940517,-1.7041310040119675,9.858188279480254,-35.71428571428572
2020-11-30,3.045454892245206,-3.5485535468955054,-15.175258990415594,85.4364668482005,60.30513942817268,4.496014398477164,9.858188279480254,-35.71428571428572
2020-12-07,3.9999961853027344,-4.682413736979166,-12.164951599750323,89.03754195047733,68.07801127538741,-12.76287205358972,10.335665984555671,-35.71428571428572
2020-12-14,6.7954583601518115,-4.766405160658628,1.93814149836904,86.76056873265463,65.08982863430016,-2.7556192183708523,10.335665984555671,-35.71428571428572
2020-12-21,8.500003814697266,-5.469815311782316,3.752576690359214,89.18909931995444,69.64882495334615,-1.9216814821026134,10.335665984555671,-35.71428571428572
2020-12-28,8.227270299738104,-5.154859487778872,-10.5154607713837,91.25973750473617,69.46827064368097,-16.42494007117979,10.335665984555671,-35.71428571428572
2021-01-04,8.227270299738104,-5.63779815914124,11.216492013832957,89.48248858600749,75.56197859488105,-6.417687235960923,10.605984050392014,-35.71428571428572
2021-01-11,18.75,-4.944880928580217,-0.701031242449259,94.54949746931445,66.97662337433347,-0.39883678008694756,10.605984050392014,-35.71428571428572
2021-01-18,19.000001387162644,-4.692914667404856,0.37113464984697164,92.94378189139448,65.14400374332811,-0.7614180286984057,10.605984050392014,-35.71428571428572
2021-01-25,19.931819222190164,-5.1023628455134515,-4.371131818319104,97.40403627126369,67.45509670301043,-5.656269207262517,10.605984050392014,-35.71428571428572
2021-02-01,21.704543720592152,-4.440948406229495,24.701029983992427,93.23103335899708,67.98773412055482,3.3357509450729563,10.981566160557149,-42.85714285714286
2021-02-08,31.750002774325285,-4.535432750471621,-12.41237207786324,100.48796122711468,65.37872214186076,4.496014398477164,10.981566160557149,-42.85714285714286
2021-02-15,35.159093683416195,-5.0078704914083,-17.64948736761034,101.4730966293236,64.44886303902084,5.583758144311538,10.981566160557149,-42.85714285714286
2021-02-22,39.750003814697266,-5.501310093196358,-3.298965926022874,98.4864514036995,63.1037312279831,7.070347314851714,10.981566160557149,-42.85714285714286
2021-03-01,37.81818043101918,-4.419946545378116,-3.7113386331145297,99.782901943607,55.50239919914289,0.6889069657474267,11.563465797606726,-50.0
2021-03-08,47.840916026722304,-3.0866167363845145,5.030925003523679,95.66263909582602,51.45797825457849,-3.408262008023935,11.563465797606726,-50.0
2021-03-15,48.613634976473726,-3.5905492587352366,-17.402059024142236,103.21960655336866,56.080175194103596,-9.934733127649036,11.563465797606726,-50.0
2021-03-22,39.886361902410336,-3.6220440401492784,-22.1443333576635,101.76802347014124,56.88364407614578,-6.381431704485434,11.563465797606726,-50.0
2021-03-29,39.90909403020685,-2.4251942872375327,-14.474227747966333,103.32969940663365,54.56351458485182,-6.236400933964621,11.563465797606726,-50.0
2021-04-05,33.29545801336115,-2.7821538329437336,-26.144330526135633,108.7991403581999,55.90864639588957,-8.955764620859984,12.2594716587087,-50.0
2021-04-12,35.681819915771484,-3.2650925043061023,-30.268041866341814,111.36337754423309,56.287806038122255,-7.142849733183838,12.2594716587087,-50.0
2021-04-19,44.045456972989165,-4.388451763964075,-28.701027152464565,113.16926535552791,59.73639996482365,-0.3263170725171142,12.2594716587087,-50.0
2021-04-26,40.70454510775479,-4.661419885990814,-27.25773447567655,114.4165760060083,60.621109470086765,1.1602634534042078,12.2594716587087,-50.0
2021-05-03,46.56817696311257,-4.514438899483268,-24.494847563124196,114.67463855429972,61.72249737114072,7.541703802508495,13.00432003637925,-57.14285714285715
2021-05-10,47.54545038396662,-5.291339543860729,-18.927835680774805,114.45805302282824,65.88427200489119,6.3089206415344545,13.00432003637925,-57.14285714285715
2021-05-17,50.613628734241836,-5.280838613435039,-18.680415202661887,113.17081543090033,68.592586649869,12.726616522114231,13.00432003637925,-57.14285714285715
2021-05-24,50.11364329944957,-5.6902867915436355,-24.123712913277224,114.89939948329987,70.13632379347425,4.641045168997977,13.00432003637925,-57.14285714285715
2021-05-31,50.727272033691406,-5.480316242208005,-30.88659699430171,115.26089206087646,71.7522870690098,8.266866299731412,13.00432003637925,-57.14285714285715
2021-06-07,57.340916720303625,-5.564307665887467,-32.28865947920023,116.4083478559145,71.2377116945282,11.312547059143888,13.960538615062024,-42.85714285714286
2021-06-14,61.090902848677196,-4.9658827894315944,-32.41237365093428,117.87426913633676,68.27661660795492,21.537350372453403,13.960538615062024,-42.85714285714286
2021-06-21,67.40909923206677,-3.559054477321194,-26.226806640625,116.31976854874569,60.855838888779914,15.699786218575728,13.960538615062024,-42.85714285714286
2021-06-28,65.7045537775213,-3.538060626332841,-35.0103083345079,119.68990742174839,60.657222536051904,31.145766427585325,13.960538615062024,-42.85714285714286
2021-07-05,70.81819014115767,-3.1706001502009515,-37.85567136154961,122.85063611218095,60.92805400054968,34.15519165552231,14.486437780528691,-28.571428571428577
2021-07-12,68.4090874411843,-3.1706001502009515,-33.31958731425177,124.50396650537132,62.995403050248186,35.93184236710411,14.486437780528691,-28.571428571428577
2021-07-19,50.95454129305753,-2.4776909295029528,-7.216494845360824,118.04530245283178,63.28428553764829,37.019586112938484,14.486437780528691,-28.571428571428577
2021-07-26,63.43182650479403,-2.7296571906783136,-27.505154953789468,126.43276029296923,62.38151398932234,48.73097859678818,14.486437780528691,-28.571428571428577
2021-08-02,61.954550309614696,-3.3595768485482282,-19.752581094958117,124.6335228050464,64.13289299710677,42.67585532020101,14.81191420559331,-35.71428571428572
2021-08-09,51.090916720303625,-2.4147013666748687,-31.051549223280446,126.94736031539533,55.583650842524335,47.20812525015366,14.81191420559331,-35.71428571428572
2021-08-16,52.93182026256215,-2.750659051529692,-33.52576973512001,129.37230322824448,61.316250174394035,43.07470074490681,14.81191420559331,-35.71428571428572
2021-08-23,49.18181679465554,-2.40420043624918,-29.27835208853495,129.36307777965703,62.78776118606901,43.03843656881246,14.81191420559331,-35.71428571428572
2021-08-30,57.295452464710586,-2.7296571906783136,-33.2371111997624,131.88532542394873,63.311373092162256,56.09137016344381,14.81191420559331,-35.71428571428572
2021-09-06,57.47727480801669,-3.370077778973917,-32.3298975364449,132.22531695603698,65.28844498702817,70.84844340670597,15.331497528400254,-42.85714285714286
2021-09-13,60.113629427823156,-2.761151972092356,-20.123707879449903,128.81010089115583,61.776661460008164,89.66643009226402,15.331497528400254,-42.85714285714286
2021-09-20,59.75000208074396,-2.110238463234088,6.020614781330541,123.12662453211787,59.05029579212804,80.74692964749838,15.331497528400254,-42.85714285714286
2021-09-27,71.47726579145952,-1.963257476726542,-22.639174313889338,127.49828710421045,57.985020957039225,106.88905236823656,15.331497528400254,-42.85714285714286
2021-10-04,76.4090971513228,-1.5118135867782152,-5.319591404236469,120.19425694574399,59.447506457263046,109.0645398599053,16.443085836512317,-42.85714285714286
2021-10-11,82.99999237060547,-0.9763782731504266,-17.525773195876287,123.30378314645549,58.40029366523706,93.79985459751087,16.443085836512317,-42.85714285714286
2021-10-18,87.36364191228692,-1.3648326002706692,-32.74227024353657,129.71792003386165,59.321127256625815,80.89195177340034,16.443085836512317,-42.85714285714286
2021-10-25,90.36364121870561,-1.5118135867782152,-37.15464011910035,133.81514426138972,63.04054162766448,113.8506157994241,16.443085836512317,-42.85714285714286
2021-11-01,91.02273420854048,-1.4383230935244422,-32.3298975364449,136.2313867511808,62.05651843595711,88.03481015120302,17.440567920571958,-42.85714285714286
2021-11-08,86.20454614812677,-1.2598393157398293,-28.989693553177354,140.7387559220067,64.97247494511409,96.77303293859121,17.440567920571958,-42.85714285714286
2021-11-15,83.81817557594992,0.16798284735892388,-32.00000094384262,139.77100886530607,68.46619642907127,81.90719310090259,17.440567920571958,-42.85714285714286
2021-11-22,74.43181818181817,1.3123359580052494,-20.948453293633214,139.7781842142074,63.04054162766448,73.64032680117117,17.440567920571958,-42.85714285714286
2021-11-29,58.97726579145952,1.1443531106463254,-5.319591404236469,138.36141532382013,60.9009774661962,75.99710923945507,17.440567920571958,-42.85714285714286
2021-12-06,57.93181332674894,1.0918644782439304,12.082475485260954,135.1049319773174,60.46764271493556,32.59609142203116,18.25152211808101,-42.85714285714286
2021-12-13,62.02272935347124,1.1233592596579725,-16.247424882711822,139.06289943348494,61.262086085526576,37.56345366354625,18.25152211808101,-42.85714285714286
2021-12-20,55.06818944757635,1.3648326002706692,-5.690718188728254,133.8939980956574,61.93012821515937,39.013787302610936,18.25152211808101,-42.85714285714286
2021-12-27,71.74999930641867,0.8818859190452756,-27.092782246697812,145.32085372651244,63.23012144878083,47.20812525015366,18.25152211808101,-42.85714285714286
2022-01-03,72.90909507057883,1.0393678359785103,-31.546390179506282,145.5958170966063,62.444714609801466,38.32488033686351,18.966475507162173,-42.85714285714286
2022-01-10,77.79546217484908,0.7769006443774606,-20.00000157307104,139.1304777194791,62.35443745496887,47.897032215901085,18.966475507162173,-42.85714285714286
2022-01-17,90.49999930641867,-0.08399142367946194,-20.865977179143847,138.74953419610029,63.988451753406714,54.532278574571514,18.966475507162173,-42.85714285714286
2022-01-24,89.34090354225852,0.7034101511236877,23.298967499093912,125.80962999325843,66.26343164712388,46.01160626527396,18.966475507162173,-42.85714285714286
2022-01-31,100.3409125588157,1.3543316698449803,2.39175226270538,131.20739245945833,62.04749292450595,76.722271736678,18.966475507162173,-42.85714285714286
2022-02-07,107.54545385187322,0.1574819169332349,-5.731956245972938,129.5853135858731,64.35858588418824,53.44452618411828,19.790482446167974,-42.85714285714286
2022-02-14,116.95454337380149,1.1758559019233923,16.82474195342703,125.37645893031548,68.6377252272853,52.102985073336626,19.790482446167974,-42.85714285714286
2022-02-21,106.9772720336914,0.8293972866428806,14.432989690721648,122.67297747352966,71.40020396113057,60.65991291410966,19.790482446167974,-42.85714285714286
2022-02-28,117.54545731977983,1.5328074377665681,24.32989533414546,123.95661489039904,71.47243009306085,59.60841605513192,19.790482446167974,-42.85714285714286
2022-03-07,171.36363983154297,4.241470777456529,50.30928149665754,115.10625954187022,80.00362122474097,75.23569121075667,21.126914752966336,42.85714285714285
2022-03-14,134.11364121870562,3.9999974368438322,31.01031116603576,113.67361487952353,76.9071104059188,68.89050639312786,21.126914752966336,42.85714285714285
2022-03-21,154.8181880604137,3.4120734908136483,-2.9690693334205864,128.4235320942481,74.10851860610839,77.66498471199156,21.126914752966336,42.85714285714285
2022-03-28,140.81817973743787,4.031492218257874,-19.05154985250886,134.27801676856538,75.10156730926691,99.70993845895838,21.126914752966336,42.85714285714285
2022-04-04,134.72726995294744,3.9265069435900593,-23.422681670827963,134.64258449567112,74.16268269497584,107.1066028463272,21.500391582244898,135.7142857142857
2022-04-11,114.29545662619851,4.913386147166174,0.49484882158102445,125.93251096834584,75.52587654907641,140.86295772176257,21.500391582244898,135.7142857142857
2022-04-18,145.93181610107422,5.805772996637139,-8.577319273014657,124.86545908294791,79.01057252158243,183.53881304196358,21.500391582244898,135.7142857142857
2022-04-25,123.95454753528942,6.824146981627297,11.42268230005638,119.9720461407436,70.91270512100246,141.80567069707612,21.500391582244898,135.7142857142857
2022-05-02,139.02272311123934,8.913383584010006,33.36082537149645,112.76579573681771,68.07801127538741,171.02973835332114,22.65282233955655,450.0
2022-05-09,134.2954462224787,8.81889923976788,43.29896907216495,104.36142457426993,67.65370203557792,154.74982905266214,22.65282233955655,450.0
2022-05-16,159.54544760964134,9.385829334809712,13.278347683936051,105.22009132694077,63.71762028890894,188.46991110738432,22.65282233955655,450.0
2022-05-23,150.65909298983487,7.170605596907809,17.443297081386923,103.46589352907284,66.8141311077311,217.04136190783282,22.65282233955655,450.0
2022-05-30,161.52272657914594,6.740155557947834,6.061852838575225,112.91225285829523,67.13010114964518,216.42496600503637,22.65282233955655,450.0
2022-06-06,169.3181818181818,7.548558993602363,3.381442040512242,111.02748621151703,66.0377387600424,237.9985459751087,24.19346689235278,764.2857142857141
2022-06-13,174.8409097844904,10.320211896120407,40.288661681499676,91.99038553249652,65.02663903398155,212.14650208464985,24.19346689235278,764.2857142857141
2022-06-20,148.99999445134944,9.921256638574475,28.371130559862273,88.16096182676883,65.71274320667716,151.7766507115818,24.19346689235278,764.2857142857141
2022-06-27,149.02272657914594,9.123362143208661,11.134023764698776,99.69534768628124,64.38567343870223,135.71429188901348,24.19346689235278,764.2857142857141
2022-07-04,146.4318188753995,10.383201458948491,10.10309592964723,95.86642400486724,62.39957603238516,107.75925428059914,24.174940420550918,1100.0
2022-07-11,136.56817349520597,13.406820622641897,7.917526087810084,97.35640895538545,56.17947786038735,132.99493684673695,24.174940420550918,1100.0
2022-07-18,133.18181471391156,12.724412332369587,4.32989376107442,96.14906274817614,54.3017086318052,171.17477776846079,24.174940420550918,1100.0
2022-07-25,119.77272033691406,11.79002977105889,-3.6701005758698453,103.11208882531912,55.18642915722882,216.42496600503637,24.174940420550918,1100.0
2022-08-01,113.386362249201,10.708658213377625,-5.814432360462306,110.88410423956864,59.700286898858515,200.32633436175482,24.2524147571769,1564.285714285714
2022-08-08,106.27273212779652,11.74803405921916,-12.20618179163982,111.98138259472867,61.307224662942886,175.1631801478057,24.2524147571769,1564.285714285714
2022-08-15,103.20455377752131,11.863520264312664,-17.731955616744525,120.0242736803077,60.819725822814775,216.46120424727414,24.2524147571769,1564.285714285714
2022-08-22,105.06818944757634,14.488192180323162,-1.8556732492348582,111.87540244144371,56.540586479717724,250.9789944406456,24.2524147571769,1564.285714285714
2022-08-29,120.47727758234197,14.267712690698819,8.082470451433634,106.37727259487993,56.77530487825037,239.1225538970374,24.2524147571769,1564.285714285714
2022-09-05,97.43182442405008,14.992124702673884,5.030925003523679,100.93188281280176,54.35588374083316,218.56419796522962,24.779577091175504,1728.5714285714284
2022-09-12,99.49999722567472,13.732285386934054,-1.5670068485220683,110.46323377474229,56.007949062173324,199.0935425561619,24.779577091175504,1728.5714285714284
2022-09-19,94.84091672030362,15.212596182435204,6.226805067553963,99.6840721380077,50.41979097400366,181.0732467200155,24.779577091175504,1728.5714285714284
2022-09-26,74.34090701016513,19.790024644746556,33.03092091353898,87.14715003017022,46.54690984781379,150.29007018566048,24.779577091175504,1728.5714285714284
2022-10-03,90.06817557594992,17.322834645669293,24.123712913277224,88.34477076447843,52.830197620130214,134.59028396708476,25.477688233164073,2099.9999999999995
2022-10-10,107.11363012140447,18.782151590182085,33.8144361358328,84.9633563432022,50.51910466044792,133.32125391925408,25.477688233164073,2099.9999999999995
2022-10-17,94.22727064652877,17.62729754911007,29.360828203024326,88.32019456946094,49.589245557607995,117.51270110625187,25.477688233164073,2099.9999999999995
2022-10-24,92.22727688876066,17.57480090684465,23.092785078225678,94.433266817599,48.83994076443327,88.50616663885981,25.477688233164073,2099.9999999999995
2022-10-31,96.65908813476562,17.09186223548228,6.721646023779801,98.25501515011167,47.68439979467237,130.4206039303624,25.477688233164073,2099.9999999999995
2022-11-07,108.61363844438033,15.611551439981136,0.4123727070916559,94.917640370263,51.34965007684358,151.7766507115818,25.805690995292597,2599.9999999999995
2022-11-14,95.1590971513228,11.979006469406169,-2.1443317845924614,102.62105244867531,60.11555960705635,115.11966313649249,25.805690995292597,2599.9999999999995
2022-11-21,81.20455308393998,13.21784392429462,-7.793811916076031,102.24675924866847,56.84753101018064,145.68528919275684,25.805690995292597,2599.9999999999995
2022-11-28,75.5454496903853,12.000000320394522,-8.412374909391108,102.96359410476335,57.091274920164444,143.36476228594844,25.805690995292597,2599.9999999999995
2022-12-05,74.84090978449042,10.540683375881725,-14.432989690721648,104.75056849639313,59.55584565515846,102.21176031238195,25.825059579449096,2828.571428571428
2022-12-12,66.29545038396661,10.372700528522802,3.0927835051546393,104.3266103814298,60.73847417943335,138.83249235599578,25.825059579449096,2828.571428571428
2022-12-19,70.8863691850142,9.942258499425852,-7.546391437963113,95.47369240829336,61.38846528616382,112.14648479541214,25.825059579449096,2828.571428571428
2022-12-26,80.81817626953125,9.511808460465879,-13.938140869140625,96.86436002950643,62.12874456788738,84.15519165552232,25.825059579449096,2828.571428571428
2023-01-02,82.40909576416016,8.682411173822999,-10.639174943117752,96.59195928402019,64.27733424080682,62.25526003445745,26.493696789025606,2992.8571428571427
2023-01-09,69.61363012140448,8.136482939632545,-9.40206468719797,99.28470271866969,69.06202344693429,41.76940652098179,26.493696789025606,2992.8571428571427
2023-01-16,81.50000138716264,7.296584722563976,-24.32989533414546,104.7633691188234,73.18769603488013,23.966643873688287,26.493696789025606,2992.8571428571427
2023-01-23,85.50000624223189,7.233595159735892,-18.309280552814915,105.82428320577088,73.9731028738595,24.981876556571684,26.493696789025606,2992.8571428571427
2023-01-30,77.04545801336114,7.380576146243438,-17.77319367398921,105.71982812664267,73.5939432316268,-2.936905520367154,26.493696789025606,2992.8571428571427
2023-02-06,68.43181956898083,8.787404458353839,-19.876287401336985,110.4975354426609,68.47522194052243,-10.913701634438087,26.927384651660226,3164.2857142857147
2023-02-13,82.13636224920099,8.50393540590141,-16.12371071097777,111.8395506981527,67.18426523851264,-12.799127585065213,26.927384651660226,3164.2857142857147
2023-02-20,73.49999167702414,9.039370719529199,-17.443297081386923,108.85956829650843,66.1460779579378,-17.512683817014167,26.927384651660226,3164.2857142857147
2023-02-27,72.00000069358133,9.889761857160433,-13.608244276538336,103.90060216678036,64.033590330823,-0.9789685067890513,26.927384651660226,3164.2857142857147
2023-03-06,82.86363428289239,9.553804172305611,-23.257729441849225,107.2891794363501,66.82315661918227,-6.744012953096891,27.083596493444173,3221.4285714285716
2023-03-13,70.0000069358132,8.766402597502461,9.360826629953287,97.42451226690898,72.58283248540545,-5.511238436741705,27.083596493444173,3221.4285714285716
2023-03-20,53.727271340110086,8.430444912647637,-0.4123727070916559,102.33022580722988,78.67654043660553,-19.398109767641287,27.083596493444173,3221.4285714285716
2023-03-27,65.47726717862216,7.989501953125,-15.051544818681538,103.6594404402914,76.25711929918833,-24.2929609462054,27.083596493444173,3221.4285714285716
2023-04-03,82.77272311123934,7.181098517470473,-23.505157785317333,111.18516887883673,79.10084967641502,-23.966643873688287,27.514758019014913,3350.0
2023-04-10,81.22726787220348,7.695539980109908,-21.773198707816526,110.3966555373755,79.57028647348031,-21.247280186792924,27.514758019014913,3350.0
2023-04-17,83.70454961603339,7.191599447896162,-30.103089637363077,112.5579106284043,80.03069775909444,-17.512683817014167,27.514758019014913,3350.0
2023-04-24,79.00000485506925,6.404197873093012,-30.35051798083119,111.82675007572243,79.57028647348031,-17.585203524584,27.514758019014913,3350.0
2023-05-01,71.9545537775213,7.244096090161581,-33.69072196409874,113.4053268340173,79.05571109899873,-15.95358358352301,27.720654489722023,3514.2857142857138
2023-05-08,66.27273559570312,6.42519973394439,-29.979383330984216,111.88205276481568,82.92860324534911,-18.85424221703353,27.720654489722023,3514.2857142857138
2023-05-15,61.61363775079901,7.538058063176674,-29.402058394913823,111.78782318290229,82.17929845217438,-13.886871330899586,27.720654489722023,3514.2857142857138
2023-05-22,63.61363150856712,8.346453488968175,-29.030931610422034,114.6730884789273,78.27932977147051,-12.980413887061513,27.720654489722023,3514.2857142857138
2023-05-29,65.15908674760298,9.406823185798064,-25.979378297156895,115.32952039792934,75.50781450601359,-20.920954469656955,27.720654489722023,3514.2857142857138
2023-06-05,63.977276195179336,9.186351706036746,-39.25773384644813,118.82869054507776,76.76266916221874,-18.600436207467393,28.00697269029635,3528.5714285714284
2023-06-12,52.54546078768644,8.797897378916502,-38.10309183966253,122.16402772584817,76.51892525223495,-17.839009534150136,28.00697269029635,3528.5714285714284
2023-06-19,63.13636086203835,7.401578007094817,-44.16494861091535,125.78197864871179,76.79878222818388,-4.568525461428143,28.00697269029635,3528.5714285714284
2023-06-26,57.659097151322804,7.811026185203413,-41.23711340206185,121.64635255389294,73.66615834339657,1.196518984879697,28.00697269029635,3528.5714285714284
2023-07-03,58.61363844438032,8.125982009206858,-44.041238371858896,128.13729317588067,73.48560403373139,-1.7766420669629464,28.257501115798867,3557.142857142857
2023-07-10,65.88635878129439,7.055119391814305,-37.85567136154961,125.77890349918263,73.78352305274315,-3.2269757060276336,28.257501115798867,3557.142857142857
2023-07-17,68.52273074063388,4.818893793061023,-44.41237302170586,131.57811048562235,76.25711929918833,-8.91950044476564,28.257501115798867,3557.142857142857
2023-07-24,78.9545405994762,6.404197873093012,-42.63917588696037,133.20891478348133,76.97031102639791,-2.6468439793255296,28.257501115798867,3557.142857142857
2023-07-31,85.90909784490411,6.9396331867208,-43.79381396106838,134.96617523027058,77.89113359762617,-4.496005753858309,28.257501115798867,3557.142857142857
2023-08-07,86.2272782759233,7.139110815493767,-34.96907027726321,131.3553746550926,74.55087886882019,-1.196518984879697,28.877716864984126,3707.142857142857
2023-08-14,87.52273212779652,8.335960568405513,-38.88659919660115,129.88485315098447,72.4835298191217,1.3415584000193639,28.877716864984126,3707.142857142857
2023-08-21,83.45454822887073,8.482941554913058,-29.360828203024326,125.27917920008859,70.92174165261412,-4.568525461428143,28.877716864984126,3707.142857142857
2023-08-28,82.04545107754794,9.249341268864828,-37.81443330430493,126.9965127054303,73.14255745746382,-6.490206943530756,28.877716864984126,3707.142857142857
2023-09-04,94.43182511763139,9.438317967212107,-46.02061792747262,131.21866800773188,75.11962935232974,0.2538146541849896,29.380457940698456,3707.142857142857
2023-09-11,98.38636571710761,9.784776582492619,-43.09278271861912,129.7691225235827,73.63005629759193,-5.438718729171872,29.380457940698456,3707.142857142857
2023-09-18,107.90909853848545,10.446191021776576,-42.2680412371134,128.0318130469094,74.37032455915501,-1.0877437458343744,29.380457940698456,3707.142857142857
2023-09-25,103.81818251176314,11.286089238845145,-30.3092799235865,122.08772401558025,73.02519274811726,-4.314719451862008,29.380457940698456,3707.142857142857
2023-10-02,101.86363567005505,12.230972730581529,-27.38144078205541,119.5762518952484,65.20719334364674,2.973169696461498,29.557301535170836,3707.142857142857
2023-10-09,96.31817557594992,11.370080662524607,-27.010306132208438,121.99659458441168,66.96759786288231,22.40754364019713,29.557301535170836,3707.142857142857
2023-10-16,96.9545537775213,11.538055500020505,-29.030931610422034,123.94073911843964,73.43143994486393,12.726616522114231,29.557301535170836,3707.142857142857
2023-10-23,94.2954496903853,10.803150567482774,-15.99999653924372,115.92294925340745,78.41474550371942,6.091378808062664,29.557301535170836,3707.142857142857
2023-10-30,87.06817626953125,11.412076374364338,-18.556701030927837,113.35154921908077,80.21125206875963,21.537350372453403,29.557301535170836,3707.142857142857
2023-11-06,83.68181748823686,10.467192882627954,-38.59793672856596,123.54904507231663,78.89320781223587,18.34663019790126,29.747618927317298,3707.142857142857
2023-11-13,77.86364121870561,10.929137703001969,-39.134019674714075,125.88233352846783,75.63420472681133,15.917336696666377,29.747618927317298,3707.142857142857
2023-11-20,76.36363289572976,8.629922541420603,-44.701031557063466,132.83717170747425,78.54112470435665,4.496014398477164,29.747618927317298,3707.142857142857
2023-11-27,70.13636502352628,8.346453488968175,-47.670104823161644,132.99335430185292,81.6195845002765,1.30529422392502,29.747618927317298,3707.142857142857
2023-12-04,66.00000208074395,8.808398309342191,-46.0618559847173,133.98410247698294,82.7299868926211,-2.320518262189561,29.997305240465185,3707.142857142857
2023-12-11,62.09090839732777,9.29133698070456,-47.917525301274566,136.68043358608313,78.56821225887062,-11.85641460975165,29.997305240465185,3707.142857142857
2023-12-18,64.70454822887073,7.622049486856135,-48.206183836632164,142.7284776722268,82.92860324534911,-9.24582616190161,29.997305240465185,3707.142857142857
2023-12-25,67.18181263316761,6.771650339361876,-46.26804233826313,143.4488877021645,85.7091440222572,-5.366207666220892,29.997305240465185,3707.142857142857
2024-01-01,62.840912558815695,6.383204022104659,-48.65979460096851,144.22717554641093,86.18759531061315,-8.84698938181466,30.400256002155807,3707.142857142857
2024-01-08,60.84090146151456,7.307085652989666,-46.0618559847173,143.90510988596822,82.95567977970258,8.049315821640766,30.400256002155807,3707.142857142857
2024-01-15,65.1818188753995,7.506563281762631,-47.62886676591696,144.94401040250582,84.77024838780562,20.12328090948306,30.400256002155807,3707.142857142857
2024-01-22,70.8863691850142,8.482941554913058,-45.60824915305856,148.35410121817173,82.34180173893725,-12.29151556593294,30.400256002155807,3707.142857142857
2024-01-29,74.49999722567472,8.77690352792815,-43.91752420012484,152.3222941715541,82.82928955890485,-9.71718264955839,30.400256002155807,3707.142857142857
2024-02-05,65.40908813476562,9.658789446973424,-43.62886566476723,153.08418121831173,82.87442813632114,-24.51051142429605,30.934576291168764,3707.142857142857
2024-02-12,74.81817765669389,9.364827473958332,-42.556699772471006,157.1307029804324,82.19734947507669,-35.89557386870034,30.934576291168764,3707.142857142857
2024-02-19,79.9772782759233,9.480313679051838,-41.27835145930654,156.2976374726221,81.59249694576252,-41.66062263731761,30.934576291168764,3707.142857142857
2024-02-26,76.31818597966974,9.007875938115157,-43.34020712940963,159.57254671508403,83.1272085779166,-39.847712071950895,30.934576291168764,3707.142857142857
2024-03-04,78.9545405994762,9.007875938115157,-44.37113496446118,162.71742463477287,91.17992638091978,-30.52936620247945,31.514791703509097,3707.142857142857
2024-03-11,77.11363705721769,8.000002883550689,-37.23711230091213,162.0512672428697,97.02989042213606,-36.22189958583631,31.514791703509097,3707.142857142857
2024-03-18,88.00000277432528,8.745408746514109,-40.90721680945957,163.66312061924012,95.06184403872132,-38.25235630698425,31.514791703509097,3707.142857142857
2024-03-25,86.2499930641868,9.427825046649442,-45.60824915305856,167.18431683740621,96.33476073798928,-41.443072159226965,31.514791703509097,3707.142857142857
2024-04-01,90.24999791925605,10.257214323429299,-43.7113417792566,168.4940805246655,101.90485678309614,-33.39376065989563,31.800267791728785,3707.142857142857
2024-04-08,96.4318188753995,9.33333269254429,-37.36082647264618,166.3753275002997,110.49923751509488,-33.13995465032949,31.800267791728785,3707.142857142857
2024-04-15,94.11364468661222,11.506560718606464,-20.701032815520296,159.17777751943188,113.57769731101473,-38.68745294085611,31.800267791728785,3707.142857142857
2024-04-22,88.29545107754794,11.370080662524607,-30.144327694607764,156.55519999659984,110.54437609251116,-35.061636132432106,31.800267791728785,3707.142857142857
2024-04-29,87.79544830322266,10.845146279322506,-39.50515432456105,161.96063783601477,111.7360301282372,-26.39593737492317,31.800267791728785,3707.142857142857
2024-05-06,78.36364399303089,10.288717114706365,-44.37113496446118,165.26679859808183,109.58745147547826,-20.413342450524684,31.86426833068069,3707.142857142857
2024-05-13,79.8181880604137,10.467192882627954,-43.91752420012484,167.34969987915662,110.8964702205509,-13.669320852808939,31.86426833068069,3707.142857142857
2024-05-20,81.36364329944958,9.784776582492619,-49.89690878956588,171.78946576277272,119.72555833092176,-0.2538060095661352,31.86426833068069,3707.142857142857
2024-05-27,76.63636641068892,9.942258499425852,-50.80412245288337,171.61488227365055,110.57146364702515,-8.629438903724015,31.86426833068069,3707.142857142857
2024-06-03,68.68182095614347,9.33333269254429,-45.93814574566084,170.52322919201944,111.84438034629312,-0.07251106295097896,31.809109971452386,3707.142857142857
2024-06-10,76.68181332674894,10.393702389374178,-47.46391846961582,174.48579687187288,108.33258579911261,5.366207666220892,31.809109971452386,3707.142857142857
2024-06-17,82.56818597966974,10.572178157295768,-47.42268041237113,180.2430018159633,108.7568840187616,1.0877523904532287,31.809109971452386,3707.142857142857
2024-06-24,85.52272103049539,10.729660074229002,-45.030928149665755,178.94451367697755,110.34577075994365,1.9216901267214679,31.809109971452386,3707.142857142857
2024-07-01,89.49999375776811,11.181103964177328,-49.608246321530686,180.3382314465041,110.12911440447384,-10.152283605739681,32.03016446454287,3707.142857142857
2024-07-08,87.1136405251243,10.246721402866633,-48.98969119357079,185.34379984226732,112.62075065366082,-14.213197048035553,32.03016446454287,3707.142857142857
2024-07-15,86.15909923206677,9.385829334809712,-45.89690768841616,188.33249516757752,118.73250962776322,-21.754892205925195,32.03016446454287,3707.142857142857
2024-07-22,81.31817904385653,9.511808460465879,-38.51546454675419,184.91165382916742,115.94295435956448,-18.38288572937675,32.03016446454287,3707.142857142857
2024-07-29,72.29544899680398,9.774275652066928,-31.546390179506282,179.7468526907121,114.61588459158956,-30.85569191961542,32.03016446454287,3707.142857142857
2024-08-05,65.77273282137784,7.811026185203413,59.05154513329575,165.55301251523355,116.81863835337643,-29.586653227165886,32.23774515995925,3707.142857142857
2024-08-12,81.95453990589489,8.283463926140092,-14.597941919700386,173.6460810406906,122.29845724365067,-20.63089292861533,32.23774515995925,3707.142857142857
2024-08-19,69.02273351495917,6.971127968134843,-39.58763043905042,187.15636297814982,125.85539036824748,-18.963017456078855,32.23774515995925,3707.142857142857
2024-08-26,75.95454129305753,5.879263489890913,-33.402063428741144,187.59618436446473,127.29078831395732,-29.07904120803362,32.23774515995925,3707.142857142857
2024-09-02,67.15909784490411,6.771650339361876,-38.144329896907216,189.21213794020736,125.13317312958674,-22.87889148323506,32.51985279876043,3564.2857142857138
2024-09-09,56.159088828346945,6.614176432291667,-19.793811286847614,180.13137138793374,125.85539036824748,-21.3197912497439,32.51985279876043,3564.2857142857138
2024-09-16,59.295446222478695,5.784779145648787,-29.31959014577964,188.428224822432,132.95116151389675,-13.959391038469418,32.51985279876043,3564.2857142857138
2024-09-23,59.93182442405007,5.952753983144685,-34.474225388359784,192.8050126437398,137.11294716780773,-5.257432427175569,32.51985279876043,3564.2857142857138
2024-09-30,54.93181402033026,5.805772996637139,-31.01031116603576,195.0533219677807,137.97961667032902,5.98260356901734,32.51985279876043,3564.2857142857138
2024-10-07,75.31818043101917,7.653544268270177,-6.639177774645619,191.64630630164393,138.7650235093084,-0.4350923115624371,32.89838230216675,3350.0
2024-10-14,67.79545870694247,8.451446773499017,-18.76288345179607,200.03891439221232,139.03585497380618,-9.572151879037577,32.89838230216675,3350.0
2024-10-21,60.36363081498579,9.196852636462435,-24.247419219656088,199.73834977725792,145.8337291407647,-16.171134061613657,32.89838230216675,3350.0
2024-10-28,53.13635739413175,9.522309390891568,-18.350518610059602,198.1787239404516,147.62119917419326,-16.27990930065898,32.89838230216675,3350.0
2024-11-04,62.43182095614347,9.070865500943242,-9.360826629953287,192.50394800447174,147.0073321535884,0.8339377362682391,33.27606969321849,3214.2857142857138
2024-11-11,54.6363657171076,10.803150567482774,-38.26804013596367,207.2840666877427,135.73170229080483,5.873828329972017,33.27606969321849,3214.2857142857138
2024-11-18,57.18182650479403,11.580051211860235,-35.752577634201835,201.76802347014126,135.6775492220979,7.795509812074631,33.27606969321849,3214.2857142857138
2024-11-25,56.68182373046875,12.146981306902067,-39.79381285991865,206.56825688149087,136.23726317399579,22.153737630630996,33.27606969321849,3214.2857142857138
2024-12-02,54.772723804820664,11.758526979781825,-44.98969009242107,209.6291307164811,137.87126645227312,16.49746842336848,33.7291261400096,3100.0000000000005
2024-12-09,55.386369878595524,11.443571155778379,-41.484537812852366,209.92099490837742,140.57958109725092,15.373460501439762,33.7291261400096,3100.0000000000005
2024-12-16,60.70454337380149,12.188977018741799,-39.422682142749274,211.00802276510694,139.36083950701092,16.533723954843968,33.7291261400096,3100.0000000000005
2024-12-23,57.36363150856712,13.427822483493273,-30.80412087981234,205.8872487674713,135.83101597724908,32.55982724593681,33.7291261400096,3100.0000000000005
2024-12-30,61.340904235839844,13.5223068277354,-28.24742425348341,202.45003163278815,135.27130202535122,42.71211949629535,33.7291261400096,3100.0000000000005
2025-01-06,67.18181263316761,13.658794893680282,-33.8556663277223,205.95432702915178,138.1872364941872,33.139958972638915,34.300499372626305,2992.8571428571427
2025-01-13,79.13636294278231,15.443568592622212,-20.865977179143847,198.8290055603954,141.35597344493965,42.63959978872551,34.300499372626305,2992.8571428571427
2025-01-20,76.99999375776811,14.803148004326609,-34.14432879575749,207.0439300110968,147.74760041515148,43.147211807857786,34.300499372626305,2992.8571428571427
2025-01-27,66.29545038396661,12.69290954109252,-26.185568583380313,207.84369389961586,147.13371135422562,34.04641641647699,34.300499372626305,2992.8571428571427
2025-02-03,66.27273559570312,14.425194607632053,-23.21649138460454,206.9368998067531,155.8364202639593,21.537350372453403,34.300499372626305,2992.8571428571427
2025-02-10,64.36363567005505,13.721784456508365,-34.804121980962066,210.61682874329765,163.09471673669245,24.87310131752636,34.300499372626305,2992.8571428571427
2025-02-17,60.772722417658024,11.884514115301018,-39.0927816174694,213.08427372280977,160.323212491396,35.061640454741536,34.300499372626305,2992.8571428571427
2025-02-24,60.68181124600497,11.91600889671506,-21.731960650571843,206.35729662354834,166.128015914875,44.81508728039426,34.300499372626305,2992.8571428571427
2025-03-03,55.386369878595524,12.073490813648293,-6.061852838575225,199.5202391716297,160.91902848909854,49.456141094011095,34.300499372626305,2992.8571428571427
2025-03-10,50.06817904385653,9.09186736179462,14.88660045505799,187.4794536884356,160.99125462102882,62.83540040577841,34.300499372626305,2992.8571428571427
2025-03-17,53.59091325239702,8.524937266752788,-15.42267946852851,190.58027946608905,170.83146449778152,45.68528919275685,34.300499372626305,2992.8571428571427
2025-03-24,57.06818320534446,9.459319828063483,-27.91752766088112,195.31393464007186,172.0141040422169,41.9144372915026,34.300499372626305,2992.8571428571427
2025-03-31,62.45455308393999,9.406823185798064,-8.123708508678318,187.34069694138879,181.91750351928826,49.347357210346914,34.300499372626305,2992.8571428571427
2025-04-07,37.95454718849876,8.409451061659285,93.73195687520135,159.1998035904496,166.43497146549842,32.523571714461326,34.300499372626305,2992.8571428571427
2025-04-14,39.840906316583805,4.6089232437253935,27.38144078205541,176.79913435790814,189.32023021556094,20.55838186566435,34.300499372626305,2992.8571428571427
2025-04-21,43.36364052512429,3.18110108062664,39.46391626731637,164.1126924796718,207.50204038271693,9.354610045565787,34.300499372626305,2992.8571428571427
2025-04-28,41.02272553877397,3.9475088044414375,3.7113386331145297,183.08576504532533,200.84861847961898,14.938368189877323,34.300499372626305,2992.8571428571427
2025-05-05,29.840911518443715,4.80840087249836,-2.515466434439433,189.31351786980642,198.93474720523218,28.716464281731586,34.300499372626305,2992.8571428571427
2025-05-12,40.79545627940785,6.866142693467027,-24.164950970521907,199.23707540279145,190.69243856095218,32.19724599732535,34.300499372626305,2992.8571428571427
2025-05-19,42.47726960615678,5.438320530368275,-25.19587880557345,205.3511727007726,191.49589642283388,12.871647292635044,34.300499372626305,2992.8571428571427
2025-05-26,39.840906316583805,3.863517380761975,-8.082470451433634,197.1188224027393,203.65624681104103,20.88470758280032,34.300499372626305,2992.8571428571427
2025-06-02,42.09091013128107,3.6220440401492784,-24.288657276900775,203.93490383469896,204.2881868948692,33.937641177431665,34.300499372626305,2992.8571428571427
2025-06-09,48.3863657171076,3.8740183111876636,-29.23711403129027,207.51600296564422,200.81251643381438,31.798409217238405,34.300499372626305,2992.8571428571427
2025-06-16,63.113628734241836,2.8871391076115485,-21.195873771746136,208.91024576070012,206.61731985729332,35.89557819100977,34.300499372626305,2992.8571428571427
2025-06-23,55.704550309614696,3.328082067134187,-18.226804438325548,208.50370099246075,204.92914146998805,34.082671947952484,34.300499372626305,2992.8571428571427
2025-06-30,47.97727411443537,1.7112832056881564,-31.01031116603576,217.70889859519417,197.40905006436876,25.308202273707654,34.300499372626305,2992.8571428571427
2025-07-07,54.38636432994496,2.3412108734210957,-26.63917148236147,218.9904859123775,200.821530925105,23.712837864122154,34.300499372626305,2992.8571428571427
2025-07-14,52.22728035666726,2.9711305312910103,-29.072161802311534,220.9658819660106,202.56388442143827,25.670783522319105,34.300499372626305,2992.8571428571427
2025-07-21,52.72726579145952,2.7296571906783136,-31.34020775863805,222.862424185376,207.1138442088726,20.55838186566435,34.300499372626305,2992.8571428571427
2025-07-28,51.6136342828924,3.580056338172572,-38.02061965785076,227.17213374500335,198.7361418726647,8.33937736268239,34.300499372626305,2992.8571428571427
2025-08-04,50.659092989834875,3.70603546382874,-27.752575431902383,224.10868478479765,204.63122245097628,6.3089206415344545,34.300499372626305,2992.8571428571427
2025-08-11,45.3636342828924,3.4330673418020012,-32.98969072164948,226.33651811319325,202.70833668529883,7.1066028463272035,34.300499372626305,2992.8571428571427
2025-08-18,44.13635947487571,3.0656148755331363,-38.1855679541519,230.21253158434826,200.77639234768873,4.786084584137643,34.300499372626305,2992.8571428571427
2025-08-25,47.272734208540484,3.3385829975598753,-39.01030943565762,229.70920711019573,204.57706938226931,-2.2479985546197274,34.300499372626305,2992.8571428571427
2025-09-01,45.477277582341976,2.6456657669988517,-36.65979523019692,230.7813842448089,213.59574833391704,8.66570307981836,34.300499372626305,2992.8571428571427
2025-09-08,41.499996185302734,2.309708082144029,-37.69072306524847,232.56784611151718,228.43732581258806,12.037709556366805,34.300499372626305,2992.8571428571427
2025-09-15,43.86363462968306,2.1522341750738185,-35.29897080254309,238.71879520141667,232.41853511651286,10.333578552354837,34.300499372626305,2992.8571428571427
2025-09-22,42.363634976473726,2.183728956487861,-33.608245849609375,242.73666557036339,237.69974867421956,1.7403951801063116,34.300499372626305,2992.8571428571427
2025-09-29,44.20454718849876,2.7926547633694225,-33.52576973512001,241.07053455474272,244.9399720837294,18.45540543694658,34.300499372626305,2992.8571428571427
2025-10-06,40.20454233342951,3.0026253127050526,-32.49484190006846,245.11910641654953,256.45934585649684,21.71864531906856,34.300499372626305,2992.8571428571427
2025-10-13,35.20454926924272,4.220468916605151,-21.52577036434842,240.73824339708517,270.91272716132346,13.052942239250202,34.300499372626305,2992.8571428571427
2025-10-20,30.727273767644707,3.5065578350557742,-24.82474415572648,244.8554185947292,291.47784539993154,23.168970313514393,34.300499372626305,2992.8571428571427
2025-10-27,39.34091221202504,3.70603546382874,-34.88659809545143,252.02531723105034,261.2801371084289,24.800581609956527,34.300499372626305,2992.8571428571427
2025-11-03,38.749998266046696,4.850396584338091,-29.195875974045588,250.83793449456482,261.1357068848894,54.67730070047347,34.300499372626305,2992.8571428571427
2025-11-10,36.65909333662553,4.58792939273704,-27.422678839300097,249.83743584531797,271.2015876084026,57.2878891483235,34.300499372626305,2992.8571428571427
2025-11-17,36.15909056230025,4.5564266014599735,-7.711343666941849,241.64401244010492,267.27455341350577,58.1218355292106,34.300499372626305,2992.8571428571427
2025-11-24,33.72727307406338,5.133857626927493,-15.381441411283827,243.3188438787836,269.4050810433624,64.93835954525848,34.300499372626305,2992.8571428571427
2025-12-01,34.81818112460049,4.367457912975722,-28.907217438687983,248.82361154811156,282.7119248495583,78.42640274068997,34.300499372626305,2992.8571428571427
2025-12-08,33.818184245716445,4.031492218257874,-31.298969701393364,250.55834589956936,278.0085203472937,78.10008566817285,34.300499372626305,2992.8571428571427
2025-12-15,29.136362942782316,3.0446210245447833,-31.958762886597935,249.02227120793748,288.79664034978873,45.4677387146662,34.300499372626305,2992.8571428571427
2025-12-22,31.840905276211824,3.1916020110523293,-41.93814464451112,252.19582552201604,301.24585118507497,43.76359906603538,34.300499372626305,2992.8571428571427
2025-12-29,32.00000416148793,2.9291348194512796,-41.44329975560768,253.59109336691498,290.45773118258006,69.9419859628679,34.300499372626305,2992.8571428571427
2026-01-05,32.545453851873226,3.1706001502009515,-38.55670260399887,253.40213417877445,300.55069946060723,27.737495774942534,34.300499372626305,2992.8571428571427
2026-01-12,35.22727272727273,3.790026887508202,-37.649485008003786,257.2535964561277,315.663086363455,23.60406262507683,34.300499372626305,2992.8571428571427
2026-01-19,35.09090596979315,4.346456052124344,-34.597939560093835,255.34577868848874,314.2276884177452,12.509066044023587,34.300499372626305,2992.8571428571427
2026-01-26,37.795456972989165,1.8792660530470802,-33.402063428741144,255.8690791339729,358.58088103538375,146.55549110511942,34.300499372626305,2992.8571428571427
2026-02-02,41.227271340110086,2.4776909295029528,-32.618556071802516,257.2110943894647,317.30614821366504,17.367661691112207,34.300499372626305,2992.8571428571427
2026-02-09,46.272728659889914,1.648293642860072,-28.41236861710696,256.61611545861416,355.9808725278198,13.778104736473114,34.300499372626305,2992.8571428571427
2026-02-16,42.93181679465554,1.7112832056881564,-15.051544818681538,250.02892015624258,353.37187156928627,17.585212169202855,34.300499372626305,2992.8571428571427
2026-02-23,50.70453990589488,2.5721752737450787,-13.36082379842542,250.1098240901964,369.86552538945796,8.230602123637068,34.300499372626305,2992.8571428571427
2026-03-02,61.886371265758164,3.2860863552944557,-11.587626663679929,252.35608331455114,377.9633597295565,7.32415332441785,34.300499372626305,2992.8571428571427
2026-03-09,115.38635600696911,4.125984572363025,5.154639175257731,247.97162012002835,359.64613383015154,13.125453302201178,34.300499372626305,2992.8571428571427
2026-03-16,112.5,4.682413736979166,-3.051545447909955,243.02492958720117,350.84411123397365,9.608416055131922,34.300499372626305,2992.8571428571427
2026-03-23,100.29544830322266,3.884511231750328,7.835049973320715,236.96358485431355,297.58962641435494,4.822340115613132,34.300499372626305,2992.8571428571427
2026-03-30,133.81817557594994,5.522311954047736,26.226806640625,224.8142690938347,308.59440277231977,4.67730934509232,34.300499372626305,2992.8571428571427
2026-04-06,155.4772810502486,4.9658827894315944,-0.3298965926022874,238.5421616126084,320.4026369921662,1.9216901267214679,34.300499372626305,2992.8571428571427
2026-04-13,125.18182234330611,3.275593434731791,-21.15463571450145,252.59264481735423,328.13037026196463,-4.749811763424445,34.300499372626305,2992.8571428571427
2026-04-20,103.65909229625355,2.9396357498769685,-22.185563549553,264.005674775936,333.926181234474,-2.5018132088047174,34.300499372626305,2992.8571428571427
2026-04-27,119.02273351495916,3.3910796398252954,-25.69071976179929,267.3220610352178,322.08180088818085,-7.541695157889642,34.300499372626305,2992.8571428571427
2026-05-04,141.86363220214844,3.3805787093996065,-24.577315812258377,268.69632785894214,308.00760126590785,3.952146847869404,34.300499372626305,2992.8571428571427
2026-05-11,122.88636294278233,2.824149544783465,-24.20618902776659,279.5558559034933,325.99082814081737,5.511247081360559,34.300499372626305,2992.8571428571427
2026-05-18,146.9545537775213,3.9055130926017063,-26.515465175982605,279.05458152902685,310.98674737538346,9.64467158660741,34.300499372626305,2992.8571428571427
2026-05-25,119.54545107754795,4.27296555887057,-31.134017472414627,282.66028185620524,308.1430169981568,5.4024718423152365,34.300499372626305,2992.8571428571427
