Date,WTI,DXY,VIX,SP500,GOLD,NATGAS,CPI,FED_RATE
2015-09-14,0.0,0.0,0.0,0.0,0.0,0.0,0.0,0.0
2015-09-21,6.090909784490406,0.6719153697096525,-16.948456125161083,0.7137597065657308,2.2930419367799937,-6.707757421621407,0.0,0.0
2015-09-28,0.9772734208540523,0.8188963562171914,13.938140869140625,-3.648689917547243,2.19373927049622,-7.070338670232856,0.0,0.0
2015-10-05,5.136359821666381,0.9028877798966439,-19.422676637000645,1.74190970035919,2.7444277109429427,-11.167507644004226,0.09894820166906904,-14.285714285714302
2015-10-12,7.045451077547948,-0.430450038959973,-33.31958731425178,3.2989729125578737,5.163859868520659,-8.085562708497395,0.09894820166906904,-14.285714285714302
2015-10-19,4.295453158291895,-0.3044629034407831,-38.22680601139658,4.128456996221441,5.9221901731465465,-11.4575778296647,0.09894820166906904,-14.285714285714302
2015-10-26,-0.04545558582652598,1.6902893546998143,-36.948453765554525,6.0495691603004165,5.353439689637018,-25.235673921518963,0.09894820166906904,-14.285714285714302
2015-11-02,4.86363497647373,1.7637798479535727,-41.64948610915352,7.732600997723504,2.5367968669242957,-18.20159078276159,0.21852815602658726,-14.285714285714302
2015-11-09,-0.29545697298917206,3.916014023027392,-31.876286772108564,6.428475084600982,-1.7874810535890573,-16.606235017794944,0.21852815602658726,-14.285714285714302
2015-11-16,-5.136359821666369,4.398952694389768,-25.113402691084087,5.128436870242825,-2.1666517159822485,-13.524290082288125,0.21852815602658726,-14.285714285714302
2015-11-23,-5.113636363636365,4.776906091084321,-35.587629337900694,6.8386075272910185,-3.6923268165246825,-19.869466255298075,0.21852815602658726,-14.285714285714302
2015-11-30,-5.34090562300249,5.165352408341528,-33.4845395432305,6.522167140377211,-3.782603971357279,-18.963017456078855,0.21852815602658726,-14.285714285714302
2015-12-07,-14.431814713911573,3.580056338172577,-34.6804117419056,6.351158825097869,-2.825668334163889,-25.054387619522668,0.11073777463388446,71.4285714285714
2015-12-14,-17.47726960615679,2.4671899990772683,-6.26804312479865,3.5283590664596076,-3.881917657801537,-31.327044084962775,0.11073777463388446,71.4285714285714
2015-12-21,-21.045450730757274,3.3700777789739123,-22.886594792002256,3.487913349786642,-2.329143982584625,-30.710656826785176,0.11073777463388446,71.4285714285714
2015-12-28,-16.340905969793152,2.8031476839320835,-30.26804186634182,5.297920111365406,-3.3583057517082904,-19.216823465644982,0.11073777463388446,71.4285714285714
2016-01-04,-16.454549269242726,3.8005278179338964,-14.639172111589883,3.0532047120791272,-2.943033043510457,-15.373451856820907,0.06484265130652922,142.85714285714283
2016-01-11,-28.613636710427027,3.6535468314263353,0.20618242086822836,-1.5033043481739283,-1.011099726060849,-13.125453302201183,0.06484265130652922,142.85714285714283
2016-01-18,-33.13636346296831,4.062995009534931,11.422682300056387,-3.722424752903608,-1.4624855002238202,-23.857868634642966,0.06484265130652922,142.85714285714283
2016-01-25,-31.04545419866389,4.314961270710294,-0.4123727070916572,-3.888832844497059,-0.13541573224888914,-21.75489220592519,0.06484265130652922,142.85714285714283
2016-02-01,-28.136361729015004,3.937007874015741,-17.608249310365654,-0.6989152347532945,1.8236051397146902,-21.972442684015835,-0.06821110072504633,171.4285714285714
2016-02-08,-32.52272605895996,1.3858264512590202,7.216494845360821,-5.099260451539456,8.143005977996264,-22.40753499557828,-0.06821110072504633,171.4285714285714
2016-02-15,-33.090907877141774,0.7664077238147993,4.742266468166068,-4.518619717883787,11.862420349034931,-28.71645995942216,-0.06821110072504633,171.4285714285714
2016-02-22,-28.454546494917444,2.2362175888902547,-20.082477687560406,-0.38555624767254715,9.190218770022263,-33.973892386597726,-0.06821110072504633,171.4285714285714
2016-02-29,-23.29545454545454,3.1076105873728777,-15.257735104904956,-1.0650142863196765,11.39298355196965,-37.962290443633194,-0.06821110072504633,171.4285714285714
2016-03-07,-13.863632895729761,1.9107608344611116,-28.45360667435164,2.4950963240587543,14.038097576468346,-38.723708472331595,0.24505469519744416,157.1428571428571
2016-03-14,-15.499999306418676,1.4383230935244518,-30.226803809097113,3.410597090283507,12.340893677711872,-34.046407771858135,0.24505469519744416,157.1428571428571
2016-03-21,-9.295454892245203,0.04199571183973738,-43.13402077586381,5.0470329119753465,12.286729588844425,-33.72008637703159,0.24505469519744416,157.1428571428571
2016-03-28,-10.477274114435364,0.7244120119750619,-37.15464011910035,4.302034186412307,10.129103384313321,-32.994919557499244,0.24505469519744416,157.1428571428571
2016-04-04,-18.863634629683055,-0.7769006443774651,-41.77319634820997,5.790994087087475,9.957574586099295,-27.556196506017947,0.6290579289088827,164.28571428571428
2016-04-11,-8.272725885564636,-1.3648326002706712,-32.948452664404805,4.55497148548849,13.451296070056484,-30.674401295309693,0.6290579289088827,164.28571428571428
2016-04-18,-9.590911865234375,-0.7979025052288424,-44.94845203517638,7.235426822629254,11.365895997455656,-29.6591686124263,0.6290579289088827,164.28571428571428
2016-04-25,-3.090910478071729,-0.430450038959973,-41.93814464451112,6.900048014834725,11.84436932613262,-25.199418390043494,0.6290579289088827,164.28571428571428
2016-05-02,1.7727244984019785,-2.7506590515296914,-39.46391626731638,6.57439467994132,16.881827953695037,-25.960836418741884,0.8669546690919461,164.28571428571428
2016-05-09,-1.2727303938432133,-1.1548540410720176,-39.917527031652696,5.410050563708668,14.254764952098675,-23.93037969759394,0.8669546690919461,164.28571428571428
2016-05-16,8.454548228870728,-0.7139110815493788,-39.46391626731638,5.818132906712581,14.958931167857092,-26.432192906398654,0.8669546690919461,164.28571428571428
2016-05-23,9.27273143421521,-0.02099385098834894,-34.762887856394975,4.86474904842249,12.945746207026065,-25.4894799310851,0.8669546690919461,164.28571428571428
2016-05-30,12.113640525124293,0.28346104258940574,-45.89690768841616,7.477101074039716,9.578414943866598,-21.35605542583825,0.8669546690919461,164.28571428571428
2016-06-06,12.931815060702245,-1.4173212326730633,-43.7113417792566,8.007039342288014,12.358944700614206,-10.587375917302122,1.1469570270065566,171.4285714285714
2016-06-13,11.090911518443725,-0.923881630885004,-13.525776027404158,6.4530512796184825,15.951979871015642,-6.272656465440107,1.1469570270065566,171.4285714285714
2016-06-20,12.204543027010839,-1.7217841361138464,-24.247419219656084,6.667586711403839,16.457529734046062,-0.398836780086953,1.1469570270065566,171.4285714285714
2016-06-27,5.29545870694248,1.354331669844977,-1.6494829630114394,2.4326307866719965,19.391537266105363,-1.5228360573968147,1.1469570270065566,171.4285714285714
2016-07-04,11.340912905606348,0.4199491085342899,-39.0927816174694,7.676273258787214,20.67346845666398,8.303121831206894,1.09600922955142,178.57142857142856
2016-07-11,1.7272689125754637,1.3858264512590202,-44.16494861091535,9.427908432047506,22.325544798164664,-2.030456721147933,1.09600922955142,178.57142857142856
2016-07-18,2.8181856328790778,1.375325520833326,-48.701032658213194,10.950157451406085,19.924174683649774,-1.3052942239250243,1.09600922955142,178.57142857142856
2016-07-25,-1.9772702997380986,2.141733244648125,-46.92783552346771,11.031573910281377,19.10265477870525,-0.398836780086953,1.09600922955142,178.57142857142856
2016-08-01,-8.954542333429504,0.4829386713623762,-48.701032658213194,11.15241728629055,22.000549244799416,0.4713564876567711,1.282958172279347,185.71428571428572
2016-08-08,-2.2272716869007447,1.2073506833374381,-52.57731958762887,11.666992307500944,20.375560457812725,-0.3625812486114599,1.282958172279347,185.71428571428572
2016-08-15,3.954549269242724,0.39894724768290146,-51.298967341786806,12.141127862342316,20.998475030189724,-6.09137016344381,1.282958172279347,185.71428571428572
2016-08-22,6.931816447864869,-0.7664077238147993,-49.40205996798485,11.75659666451281,20.76374561149659,-2.864394457416175,1.282958172279347,185.71428571428572
2016-08-29,6.772726232355297,0.34645861528050936,-46.63917698811011,11.64087853771889,19.4276503320705,3.4445261841182795,1.282958172279347,185.71428571428572
2016-09-05,0.9999968788840574,0.6614144392839583,-50.597940032015146,11.620402542073617,19.355424200140227,1.232783160974038,1.5486446201652182,185.71428571428572
2016-09-12,5.204547535289428,-0.1574819169332331,-37.484536711702646,10.548225407460432,19.256121533856472,5.692533383356868,1.5486446201652182,185.71428571428572
2016-09-19,-1.5909108248623904,0.6194187274442209,-35.958763987747666,9.52827581241138,18.579042872612007,6.381440349104284,1.5486446201652182,185.71428571428572
2016-09-26,4.386364329944947,0.06298956282808632,-40.20618556701031,9.88566819061576,20.94429992116178,8.665703079818353,1.5486446201652182,185.71428571428572
2016-10-03,10.93182130293413,0.5249343832020914,-44.041238371858896,10.658818285039118,18.172795675865338,5.982603569017342,1.7865413603483038,185.71428571428572
2016-10-10,13.204548575661402,1.3333298089936108,-44.82474179611992,10.784774409655661,12.747140874458562,15.772305926145558,1.7865413603483038,185.71428571428572
2016-10-17,13.499996878884058,2.7716529025180403,-33.15464295062822,8.8820943918398,13.243665226037816,17.621467700678338,1.7865413603483038,185.71428571428572
2016-10-24,14.818182858553808,3.5905492587352317,-46.30927646283022,10.153456211808297,13.929769398733427,2.6468526239443735,1.7865413603483038,185.71428571428572
2016-10-31,6.500001387162646,3.359576848548218,-29.649486738381924,8.864168520194294,14.787402369643065,9.717191294177251,1.7865413603483038,185.71428571428572
2016-11-07,2.0227258855646246,2.6561666974245446,-22.84536460011276,9.139131890288166,15.40129143056892,2.1029764287177732,1.9065423708831242,192.8571428571428
2016-11-14,-1.5454552390358645,5.102362845513442,-40.28866168149968,10.812425754202293,10.246457073499403,-0.3263170725171127,1.9065423708831242,192.8571428571428
2016-11-21,7.9318219965154535,6.0892420490895605,-48.78350484002496,12.55228535487538,9.199244281473407,6.961572075806388,1.9065423708831242,192.8571428571428
2016-11-28,7.000004161487916,6.38320402210466,-45.77319744935971,12.733544168585187,7.483978339654129,17.186375389115895,1.9065423708831242,192.8571428571428
2016-12-05,17.704547535289407,5.133857626927485,-49.938142914132975,12.88663911282686,5.985379773465183,32.487316182985836,2.163807695222708,285.7142857142857
2016-12-12,20.06818597966975,5.994749694984414,-47.87628724402988,15.56196920075239,5.037469647722936,27.157364048240428,2.163807695222708,285.7142857142857
2016-12-19,18.45454302701084,8.2834639261401,-51.71134004887846,15.847170568668911,2.9610950865732732,22.987675366899254,2.163807695222708,285.7142857142857
2016-12-26,20.500001040371973,8.146983870058232,-52.82474399841938,15.911686205741749,2.184713759045076,32.77737772402747,2.163807695222708,285.7142857142857
2017-01-02,22.090911865234375,7.496062351336952,-42.10309294081226,14.63367406240128,3.818728057482912,35.02538492326603,2.576863805168883,364.2857142857142
2017-01-09,18.090907010165136,7.0131236799745755,-52.329895176838356,16.173323927875984,6.843012744374821,12.509066044023598,2.576863805168883,364.2857142857142
2017-01-16,19.022724845192652,6.225722105171427,-53.69072353716978,16.467225718850575,7.908287579463624,23.966643873688298,2.576863805168883,364.2857142857142
2017-01-23,19.886363636363647,5.154859487778873,-51.463915638087954,15.98387721602963,9.686743121601516,17.58521216920286,2.576863805168883,364.2857142857142
2017-01-30,19.613638791170995,5.438320530368279,-51.01030880642921,16.787753804528748,7.71869673818677,17.186375389115895,2.576863805168883,364.2857142857142
2017-02-06,20.477268912575465,4.892392296177817,-53.11340253377698,17.384782835065348,11.040900444090429,10.587384561920965,2.740233601967179,371.42857142857144
2017-02-13,20.295455239035864,5.994749694984414,-54.35051672237435,19.2121966930642,10.53535058106001,6.744021597715744,2.740233601967179,371.42857142857144
2017-02-20,21.36363983154297,5.9842487645587195,-52.61855764487356,20.38524123235492,11.72700461678604,2.755627862989707,2.740233601967179,371.42857142857144
2017-02-27,22.840907356955785,6.173225462905996,-50.1443292676788,21.337100016488296,13.514496690535594,-2.3567737936650457,2.740233601967179,371.42857142857144
2017-03-06,20.909092643044215,6.708660776533781,-53.6494854799251,21.621788859483292,10.544376092511154,5.184921364224593,2.6922331977532465,464.2857142857142
2017-03-13,10.000003467906593,6.4356926545070525,-53.19587471558875,21.527571778177723,8.549253174742933,10.333578552354838,2.6922331977532465,464.2857142857142
2017-03-20,9.590911865234375,5.41732667937993,-53.23711277283344,21.527571778177723,11.365895997455656,10.261058844785008,2.6922331977532465,464.2857142857142
2017-03-27,8.477271686900757,4.115483641937345,-48.453608247422686,19.895242406162005,13.3339423808704,10.659904269490816,2.6922331977532465,464.2857142857142
2017-04-03,14.181821996515453,5.553806735461775,-48.94845313632611,20.778485353850318,12.91866967267259,13.415523487861659,2.8189711071251233,542.8571428571428
2017-04-10,20.636367797851562,6.0577392578125,-42.06185488356758,20.692456170681297,12.945746207026065,17.403917222587694,2.8189711071251233,542.8571428571428
2017-04-17,19.65909437699751,5.301840474286412,-39.54639238180573,20.275160879697786,16.403365645178614,14.6845621803112,2.8189711071251233,542.8571428571428
2017-04-24,11.88636259599165,4.0314922182578705,-55.29896844293653,21.56238597101785,15.175598543487423,11.16751628862307,2.8189711071251233,542.8571428571428
2017-05-01,11.00000034679065,4.083988860523302,-58.309279766279396,22.288446275700167,13.144362559754065,16.569979486319465,2.7393914896125526,550.0
2017-05-08,5.522727966308594,4.094489790948974,-59.71133831850031,22.85422378663162,10.61660222444143,15.01087925282829,2.7393914896125526,550.0
2017-05-15,11.022723804820679,3.8425235297736116,-57.030927520437345,23.004768606873505,10.914510223292705,21.428575133408078,2.7393914896125526,550.0
2017-05-22,15.295453505082568,1.8162764902190043,-54.92783379308956,22.579785442067113,13.81240468938687,20.73966816766064,2.7393914896125526,550.0
2017-05-29,13.181816447864891,2.257219449741643,-59.54639002219918,23.696002218107857,14.435319261763846,17.331406159636707,2.7393914896125526,550.0
2017-06-05,7.727276195179322,1.627299791871728,-58.47422806258054,24.734390209723944,15.491568585401506,8.121835529210596,2.806339421805659,642.8571428571428
2017-06-12,4.727276888760645,1.984251327714892,-52.74226788393,24.390811003185032,14.299903529514957,9.644671586607402,2.806339421805659,642.8571428571428
2017-06-19,0.4545471884987551,2.393699505823488,-57.23711387398316,25.6232584309412,12.322831634649067,4.931115354658466,2.806339421805659,642.8571428571428
2017-06-26,-1.4090884815562865,2.2887142311556863,-59.175259305029805,24.886460104122566,12.512422475925899,9.753446825652734,2.806339421805659,642.8571428571428
2017-07-03,6.977272033691406,0.9973721241387734,-53.73195766173687,24.371360057382784,9.948549074648149,6.99782760728187,2.8400239159908747,721.4285714285713
2017-07-10,0.9090943769975102,0.8398982170685798,-54.185568426073225,24.290456123428996,9.424937168554903,6.200145402489121,2.8400239159908747,721.4285714285713
2017-07-17,4.5909101312810785,-0.12598713551918994,-59.505155897632086,25.91408507238664,11.293680885685898,9.499640816086607,2.8400239159908747,721.4285714285713
2017-07-24,5.318182164972485,-1.3333298089935997,-61.11340080339885,26.465536886731122,13.198526648621511,5.112401656654764,2.8400239159908747,721.4285714285713
2017-07-31,14.022723111239355,-2.5091857109169946,-57.690720705641915,26.485512858062734,14.34504210693126,1.3052942239250243,2.8400239159908747,721.4285714285713
2017-08-07,12.249998612837354,-1.9107608344611227,-59.05154513329575,27.02876427366281,13.586711802305373,1.559108878110016,3.2358167226671286,728.5714285714284
2017-08-14,8.159091255881567,-1.8792660530470795,-49.15463948987193,26.25715175400405,15.933917827952815,7.287897792942366,3.2358167226671286,728.5714285714284
2017-08-21,7.659088481556275,-2.257219449741632,-45.608249153058566,24.33859596422876,16.529755865976338,7.396664387368834,3.2358167226671286,728.5714285714284
2017-08-28,5.84090839732776,-3.19160201105233,-53.31958888732281,25.15117297578595,18.235985276183953,6.055114631968328,3.2358167226671286,728.5714285714284
2017-09-04,7.477274808016698,-2.561682353182415,-58.22680365179003,26.805528418819357,19.572091575770536,11.312547059143885,3.7629790566657384,721.4285714285713
2017-09-11,9.249999306418676,-3.5590544773211996,-55.75257920727288,27.397432200140727,20.158893082182416,6.961572075806388,3.7629790566657384,721.4285714285713
2017-09-18,13.431817835027516,-3.359576848548229,-58.14433146997824,28.204383938169,17.929051765881532,14.068166277514749,3.7629790566657384,721.4285714285713
2017-09-25,18.681820956143458,-2.729657190678314,-57.89690705918774,27.835203486769554,17.974190343297835,5.8375641538776835,3.7629790566657384,721.4285714285713
2017-10-02,14.954549616033376,-1.774280778379267,-61.030928621587066,29.49724680362582,14.895730547377983,5.72878891483235,3.8434007865329356,721.4285714285713
2017-10-09,12.681822343306104,-1.5853040800319906,-57.40206217028432,30.296510667831235,15.71726147248298,2.7193636868953597,3.8434007865329356,721.4285714285713
2017-10-16,17.886361208829005,-2.0682427513943558,-59.13402124778512,30.957530309911284,17.351275770920836,6.816541305285573,3.8434007865329356,721.4285714285713
2017-10-23,17.95454892245205,-1.375325520833337,-54.35051672237435,31.333361084682743,15.347116321540955,8.44815260172771,3.8434007865329356,721.4285714285713
2017-10-30,23.06818528608843,-0.7979025052288424,-56.70103092783505,31.735305629236233,15.022120768175729,7.541703802508493,3.8434007865329356,721.4285714285713
2017-11-06,30.34090562300249,-0.5564291646161457,-61.23711497513289,32.67230119064539,15.500594096852671,13.633073965952303,4.12045575120632,728.5714285714284
2017-11-13,28.999996185302734,-0.7979025052288424,-52.57731958762887,32.350248030810505,15.311014275736312,14.829592950831994,4.12045575120632,728.5714285714284
2017-11-20,27.47727307406338,-1.228344534325787,-56.082475799875155,32.211991308077344,15.06725934559201,10.478609322875654,4.12045575120632,728.5714285714284
2017-11-27,32.06818320534446,-2.4671899990772683,-59.29896954408625,33.19917680997237,16.800587330474116,6.163889871013639,4.12045575120632,728.5714285714284
2017-12-04,30.613639137961645,-2.1627270956364852,-51.835050287934926,35.14589646921582,15.040182811238534,8.230602123637066,4.339826019587534,828.5714285714284
2017-12-11,31.795458360151805,-1.4488160140871065,-61.48453545324581,36.19811013310519,12.277693057232764,2.5380773848990623,4.339826019587534,828.5714285714284
2017-12-18,29.909090562300243,-1.627299791871717,-60.701032028984784,37.742885247795165,13.94782042163576,-0.4713564876567822,4.339826019587534,828.5714285714284
2017-12-25,32.886366410688915,-1.9947522581405863,-59.175259305029805,37.39369326833517,15.139485477522285,-3.29948676897861,4.339826019587534,828.5714285714284
2018-01-01,37.3181776566939,-3.2860863552944597,-54.474226961430816,36.89549404339787,17.929051765881532,7.0703473148517215,4.7836192304777425,907.1428571428569
2018-01-08,40.29545350508257,-3.0656148755331403,-60.742266153551874,40.68959103136389,19.039454158226143,2.791883394465189,4.7836192304777425,907.1428571428569
2018-01-15,46.13637057217686,-4.493437038631887,-58.10309341273358,42.66242446038939,20.375560457812725,16.026111935711683,4.7836192304777425,907.1428571428569
2018-01-22,44.295458360151805,-5.091861915087758,-54.5154650186755,45.05511580500601,20.14986757073125,16.89630520345542,4.7836192304777425,907.1428571428569
2018-01-29,48.99999445134944,-6.23622303559711,-42.92783442231798,46.10784199381695,22.01860026770173,31.653378446717607,4.7836192304777425,907.1428571428569
2018-02-05,45.795458013361156,-5.98424876455873,53.896905958037976,35.63232012156592,20.339447391847585,-0.398836780086953,5.065726869278908,914.2857142857141
2018-02-12,34.75000208074397,-5.29133954386073,5.608249939594079,35.9938126991425,19.545004021256563,-7.46917545031981,5.065726869278908,914.2857142857141
2018-02-19,40.181818875399514,-6.45669451535843,-19.75258109495812,39.89646496560895,22.163041511401783,-7.251624972229164,5.065726869278908,914.2857142857141
2018-02-26,45.24999965320933,-5.700787721969325,-34.84536003820675,42.32244542890897,20.131805527668423,-4.314719451862004,5.065726869278908,914.2857142857141
2018-03-05,42.20454476096413,-5.427819599942585,-22.76288848562339,39.31889938148241,18.99431558080984,-1.9579370135781038,5.085937565790033,978.5714285714284
2018-03-12,39.45454684170811,-5.616796298289861,-34.92783615269612,42.4975539435605,19.111680290156418,0.7251711418417628,5.085937565790033,978.5714285714284
2018-03-19,41.045457666570485,-5.616796298289861,-21.567008421593105,38.90825441387087,18.87696189162378,-3.8796184956807145,5.085937565790033,978.5714285714284
2018-03-26,48.97727966308594,-6.530185008612199,-13.278347683936055,36.124381548052774,22.27138070929722,-5.0761374805604165,5.085937565790033,978.5714285714284
2018-04-02,43.204541639848195,-5.459314381356628,-2.5979346835736106,32.19867816072557,21.160967296792087,-2.7193550422765056,5.359624081044889,1107.1428571428569
2018-04-09,44.13635947487571,-5.679793870980976,-10.2268022360261,33.80029353927334,20.637366410859357,-2.3567737936650457,5.359624081044889,1107.1428571428569
2018-04-16,50.500002774325296,-6.110235900077921,-31.71134240848502,37.11207957486933,21.6484661369202,-0.21754183347179046,5.359624081044889,1107.1428571428569
2018-04-23,55.99999861283735,-4.52493182004593,-32.61855607180253,36.72549827735374,19.391537266105363,-0.6526427896530795,5.359624081044889,1107.1428571428569
2018-04-30,55.84090839732776,-3.580056338172577,-34.30927709205862,35.58675540598162,18.822786782595813,0.18129494661516254,5.359624081044889,1107.1428571428569
2018-05-07,60.75000762939453,-2.6246719160105014,-39.175257731958766,36.845304102912,18.461678163265425,-0.6163872581775975,5.597520821227975,1114.285714285714
2018-05-14,61.2727251919833,-2.7926547633694176,-46.68041111267719,39.7894472618731,18.849874337109807,3.0456894040313376,5.597520821227975,1114.285714285714
2018-05-21,64.18181332674892,-1.648293642860077,-46.061855984717305,39.93691693258585,16.47558075694837,1.8854259506271287,5.597520821227975,1114.285714285714
2018-05-28,54.27272103049538,-1.1128583292322802,-45.4845349813245,39.338875352814014,17.658220301383754,6.562726651100581,5.597520821227975,1114.285714285714
2018-06-04,47.15909090909092,-1.2913421070169018,-47.46391846961582,40.64658894038722,16.737386709995008,6.236409578583468,5.6926795173012135,1200.0
2018-06-11,50.22726925936611,-1.7532789175278896,-49.07216337538257,42.44532640399639,17.26099861608825,6.925307899712041,5.6926795173012135,1200.0
2018-06-18,49.65908744118435,-0.5249343832021025,-49.23711167168372,42.02290586379762,15.211700589292064,6.99782760728187,5.6926795173012135,1200.0
2018-06-25,54.72727688876064,-1.0183739849901619,-28.53608278884101,39.12075224657801,14.254764952098675,5.982603569017342,5.6926795173012135,1200.0
2018-07-02,68.04546009410511,-0.39894724768290146,-35.67010151971246,39.61433874722158,11.92562096951404,3.7708519012542574,5.775206528054966,1264.285714285714
2018-07-09,67.84090562300248,-1.228344534325787,-47.67010482316165,42.5564318064966,13.577686290854206,2.5380773848990623,5.775206528054966,1264.285714285714
2018-07-16,54.6818126331676,-0.7769006443774651,-47.09278381976885,43.28657980994326,11.772143194202345,0.03626417609434718,5.775206528054966,1264.285714285714
2018-07-23,54.29545315829189,-0.6089258068815662,-47.95876335851925,43.7243635971799,10.499237515094872,-1.3415497554005062,5.775206528054966,1264.285714285714
2018-07-30,59.386357394131736,-0.9343825613106982,-41.19587534481717,43.50010269249343,10.255493605111067,1.4140694629703354,5.775206528054966,1264.285714285714
2018-08-06,56.84091394597834,0.11548620509349572,-53.52577130819104,45.94757170067394,9.10896712664082,3.698332193684406,5.964260751669492,1264.285714285714
2018-08-13,52.72726579145952,1.196849752911744,-39.051547492902316,44.489838318388195,7.547178960133238,6.236409578583468,5.964260751669492,1264.285714285714
2018-08-20,50.977273420854054,0.6824163001353245,-48.49484630466737,46.28807575768372,7.140931763386571,6.635246358670432,5.964260751669492,1264.285714285714
2018-08-27,56.52273351495916,-0.49343960178805935,-49.8556707323212,48.3202995745668,9.14508019260596,4.2784639203865105,5.964260751669492,1264.285714285714
2018-09-03,58.63637057217686,-0.11548620509350682,-46.96907358071238,48.56504897550644,8.359673353626595,5.72878891483235,6.182788907696057,1292.8571428571427
2018-09-10,53.50000208074397,-0.1049852746678126,-41.60824805190882,47.316213250869325,7.70064571528446,1.6678754725364842,6.182788907696057,1292.8571428571427
2018-09-17,56.613644686612204,-0.7769006443774651,-43.58762760752255,47.91375480632747,8.305498244598631,2.030456721147944,6.182788907696057,1292.8571428571427
2018-09-24,63.81818597966975,-1.0393678359785108,-49.69072243602006,49.47901841727054,8.269396198793988,10.152292250358542,6.182788907696057,1292.8571428571427
2018-10-01,71.13637057217686,0.0524966422654094,-50.51546391752577,49.74629391354155,7.168008297740047,12.182748971506463,6.43121205231203,1464.285714285714
2018-10-08,68.84091117165305,0.5459282341904625,-35.298970802543096,47.68999392595465,6.92426438775624,18.45540543694657,6.43121205231203,1464.285714285714
2018-10-15,63.13636086203835,-0.18897669834727626,-12.164951599750317,40.84729869989925,10.71590489072518,17.548956637727375,6.43121205231203,1464.285714285714
2018-10-22,57.20454129305752,0.7979025052288424,-19.01031179526418,41.10791137219047,10.246457073499403,13.778104736473118,6.43121205231203,1464.285714285714
2018-10-29,52.36363844438032,1.3963273816847144,1.855673249234857,35.23857597575682,10.544376092511154,15.482235740485084,6.43121205231203,1464.285714285714
2018-11-05,43.409087441184326,1.1548540410720065,-17.690725424855025,40.208292628229046,11.02284942118812,29.332851539909164,6.356264052749916,1471.4285714285713
2018-11-12,36.20454614812676,2.404200436249182,-15.670099946641436,39.589250027282574,8.449950508459182,37.34591183007445,6.356264052749916,1471.4285714285713
2018-11-19,28.999996185302734,0.9868792035761187,-17.113400488784634,37.772074167106375,10.41798587171343,70.41334245052468,6.356264052749916,1471.4285714285713
2018-11-26,17.340911518443704,1.9107608344611116,-22.06185724317413,36.88729364465348,10.156179918666819,54.024666555439225,6.356264052749916,1471.4285714285713
2018-12-03,20.3409108248624,1.8792660530470906,-32.20618336471086,42.87389724325345,11.39298355196965,57.324161969036716,6.429106771425452,1521.428571428571
2018-12-10,15.909090909090917,2.068242751394367,-6.6391777746456215,35.05782968696853,12.277693057232764,64.7933374193565,6.429106771425452,1521.428571428571
2018-12-17,13.363638791170995,1.9422556158751547,1.1134039495409143,30.358463680296445,12.611725142209673,27.918790721557695,6.429106771425452,1521.428571428571
2018-12-24,-3.340911865234375,1.3648326002706712,48.742266782780284,20.382178583433628,14.426293750312702,25.70703905379461,6.429106771425452,1521.428571428571
2018-12-31,3.204545107754786,0.9658773427247302,4.824742582655439,28.356966357489142,15.40129143056892,6.598990827194928,6.429106771425452,1521.428571428571
2019-01-07,10.272728313099243,0.4829386713623762,-11.752578892658672,30.550473016750445,16.168647246645975,6.744021597715744,6.342369198898523,1614.2857142857142
2019-01-14,14.795450730757276,0.3569515358431863,-21.360826000724874,32.23606747878116,16.37627809066462,30.203053452271767,6.342369198898523,1614.2857142857142
2019-01-21,22.272725538773976,1.1443531106463345,-26.597941290471972,36.746999322842065,15.672122895066698,26.25091524902121,6.342369198898523,1614.2857142857142
2019-01-28,18.159094723788183,0.5249343832020914,-22.185563549553,35.371707449274716,17.576968658002336,5.547502612836053,6.342369198898523,1614.2857142857142
2019-02-04,24.00000312111594,0.6299196578699151,-35.13402250624195,39.520134166523846,18.651269004542282,-3.5532927785447477,6.66152978130341,1614.2857142857142
2019-02-11,19.113636016845703,1.9002599040354395,-34.14432879575748,38.74850914625723,17.992241366200147,-4.205944212816681,6.66152978130341,1614.2857142857142
2019-02-18,26.340909437699757,1.7532789175278785,-38.51546454675419,42.11763547002474,18.99431558080984,-4.822331470994278,6.66152978130341,1614.2857142857142
2019-02-25,26.09090805053711,1.2178516137631323,-38.76288502486711,43.167799034228025,19.69848179656828,2.828138925940693,6.66152978130341,1614.2857142857142
2019-03-04,28.613636710427027,1.5013126563525159,-39.6701026208622,42.99882831802697,15.988092936980781,3.589565599257938,7.064901599171369,1621.4285714285716
2019-03-11,29.06818389892578,2.068242751394367,-40.90721680945957,42.51189214075535,16.349201556311144,0.5076206637511183,7.064901599171369,1621.4285714285716
2019-03-18,34.29545489224522,1.3333298089936108,-45.97937987022793,45.053578230241456,17.387388836885975,3.335750945072946,7.064901599171369,1621.4285714285716
2019-03-25,33.68181748823687,1.3858264512590202,-32.65979412904719,43.28300463610042,19.337373177237893,-0.10876659442646819,7.064901599171369,1621.4285714285716
2019-04-01,39.977273074063376,2.09973753280841,-44.74226961430815,46.80726350318785,16.313088490346004,-1.8129062430572884,7.46743130468468,1628.5714285714284
2019-04-08,46.36363983154297,1.8897669834727626,-45.64948327762565,48.27063465961032,17.09849532932537,-1.8129062430572884,7.46743130468468,1628.5714285714284
2019-04-15,44.090912558815695,1.774280778379267,-49.19587754711663,48.77293408391985,16.168647246645975,-6.09137016344381,7.46743130468468,1628.5714285714284
2019-04-22,49.3181748823686,2.131232314222431,-48.78350484002496,48.895302534085715,14.967956679308259,-8.484408133203203,7.46743130468468,1628.5714285714284
2019-04-29,44.31818181818181,2.740158121103997,-45.93814574566084,50.69046482385205,15.428367964922396,-5.982594924398487,7.46743130468468,1628.5714285714284
2019-05-06,41.47727272727273,2.3831985753977936,-36.32989863759464,50.149763532251754,15.708224940871318,-8.484408133203203,7.4939578438555365,1607.1428571428569
2019-05-13,38.7272748080167,2.1732280260621684,-15.257735104904956,43.9747507722563,17.36932679382315,-4.967362241515094,7.4939578438555365,1607.1428571428569
2019-05-20,43.409087441184326,2.8136486143577777,-32.74227024353657,45.42684638040524,15.2026750778409,-3.0819362908879655,7.4939578438555365,1607.1428571428569
2019-05-27,33.25000242753462,2.4776909295029625,-34.63917368466092,44.70131110125231,15.825589650217896,-5.801299977783325,7.4939578438555365,1607.1428571428569
2019-06-03,21.02272727272727,1.984251327714892,-22.226801606797686,40.52267041484892,19.409588289007672,-12.871638648016193,7.45901018113837,1599.9999999999995
2019-06-10,21.045450730757274,1.5853040800319906,-34.26804296749154,47.80776215243465,19.590142598672866,-14.539514120552665,7.45901018113837,1599.9999999999995
2019-06-17,18.022727966308594,2.425194287237531,-36.701029354764025,47.958294472068694,20.854022766329173,-13.488034550812634,7.45901018113837,1599.9999999999995
2019-06-24,31.5909125588157,0.7664077238147993,-37.072164004610975,50.809258100175114,27.678984487801685,-16.497459778749622,7.45901018113837,1599.9999999999995
2019-07-01,34.29545489224522,1.669287493848426,-42.020616826322886,51.78108035503226,25.08802353200994,-17.802754002674646,7.707012269577018,1614.2857142857142
2019-07-08,31.04545419866389,2.2362175888902547,-42.43298953341454,52.37604678527492,26.117185301133606,-12.871638648016193,7.707012269577018,1614.2857142857142
2019-07-15,35.40909507057886,1.7637798479535727,-47.711338947728734,54.339667266320824,27.41717853475505,-12.690352346019884,7.707012269577018,1614.2857142857142
2019-07-22,27.772730047052562,2.110238463234082,-44.20618666816004,52.84096939213669,28.67203319096021,-16.171134061613657,7.707012269577018,1614.2857142857142
2019-07-29,29.249997572465382,2.9291348194512734,-47.09278381976885,54.68118387256582,28.15744679631811,-22.371279464102788,7.707012269577018,1614.2857142857142
2019-08-05,24.295451424338598,2.3622047244094446,1.4020624848985141,45.65777010907157,32.21991876378485,-24.945612380477332,7.805539415068763,1421.428571428571
2019-08-12,24.840909784490407,2.2362175888902547,-13.03092720582313,47.60141461878584,35.8942055775677,-23.676573688027812,7.805539415068763,1421.428571428571
2019-08-19,27.74999791925603,3.2545915738804165,-30.39175603807587,49.69815407274179,35.4518453148559,-19.869466255298075,7.805539415068763,1421.428571428571
2019-08-26,21.909089521928273,2.971130531291011,-20.32989816567332,47.38021636302066,37.7900258290522,-19.144303758075154,7.805539415068763,1421.428571428571
2019-09-02,25.227269259366114,3.8530164503362885,-21.731960650571846,49.84203606900386,37.14002370216121,-17.1501025684027,7.9714355489309385,1357.142857142857
2019-09-09,31.477269259366114,3.181101080626636,-37.0309259473663,52.50302795973454,35.614337581458265,-6.272656465440107,7.9714355489309385,1357.142857142857
2019-09-16,42.95454892245205,3.5695554077468827,-39.505154324561055,53.50301408405984,35.69558922483971,-2.791874749846346,7.9714355489309385,1357.142857142857
2019-09-23,33.272725885564626,3.5170587654814733,-38.51546454675419,53.18658619775387,37.55529641035904,-8.375632894157881,7.9714355489309385,1357.142857142857
2019-09-30,22.886362942782323,4.335955121698665,-33.030928778894165,52.416498752251826,32.3192214300686,-15.518491271960578,7.9714355489309385,1357.142857142857
2019-10-07,19.886363636363647,3.926506943590069,-26.350512947003867,50.47336676745906,35.208090384711596,-16.497459778749622,8.276701277484433,1207.142857142857
2019-10-14,21.795454892245214,3.359576848548218,-39.917527031652696,51.874259885886964,34.66642745571604,-17.331397515017866,8.276701277484433,1207.142857142857
2019-10-21,21.15909403020686,2.1837289564878626,-42.26804123711341,53.95154839404066,33.82685652786921,-18.854242217033534,8.276701277484433,1207.142857142857
2019-10-28,26.840912212025046,2.6351728464361956,-45.93814574566084,55.62586730779784,34.51296070056482,-11.312538414525031,8.276701277484433,1207.142857142857
2019-11-04,28.50000208074397,2.372705654835139,-47.09278381976885,57.61508903370425,36.13794948755151,2.284271375332936,8.581545949860647,1007.1428571428571
2019-11-11,29.227274114435374,3.0971096569471834,-47.67010482316165,58.062598293842036,31.39839885884035,-4.387230514812989,8.581545949860647,1007.1428571428571
2019-11-18,29.6590891751376,2.666667627850239,-48.61855654372383,59.855710483922266,32.78866924729438,-6.961563431187534,8.581545949860647,1007.1428571428571
2019-11-25,31.840905276211817,3.2230967924663734,-51.05154686367389,60.45016438924342,31.4977015251241,-8.230602123637066,8.581545949860647,1007.1428571428571
2019-12-02,27.18181610107422,2.740158121103997,-38.51546454675419,59.43790266801723,32.01228791976618,-15.554746803436059,8.89775913902433,1007.1428571428571
2019-12-09,34.13636467673562,2.5091857109170057,-34.59793956009383,60.568957665566494,31.741456455268402,-19.071784050505325,8.89775913902433,1007.1428571428571
2019-12-16,36.84090701016514,1.9107608344611116,-49.938142914132975,63.41018332016395,33.15880337807593,-15.11964584725477,8.89775913902433,1007.1428571428571
2019-12-23,37.54545558582654,2.530187571768372,-48.000001415763926,65.07733938562761,33.835882039320374,-19.72443548477726,8.89775913902433,1007.1428571428571
2019-12-30,40.181818875399514,1.5643022191806022,-38.88659919660115,64.93807011365926,36.724750993963376,-20.739659523041798,8.89775913902433,1007.1428571428571
2020-01-06,43.79545558582654,1.4908117259268439,-42.886596365073295,66.21761983176432,41.39207549074428,-22.588829942193435,9.107024059149982,1007.1428571428571
2020-01-13,32.00000416148794,2.2047228074762115,-49.19587754711663,68.36043652622605,39.78514874682042,-20.88469893818147,9.107024059149982,1007.1428571428571
2020-01-20,33.04545662619851,2.4776909295029625,-50.10309121043412,70.48483982533651,40.72403336111148,-27.37490588171222,9.107024059149982,1007.1428571428571
2020-01-27,20.772725885564626,2.845143395771821,-24.824744155726485,66.0819257336388,42.34902214809817,-31.036982543921155,9.107024059149982,1007.1428571428571
2020-02-03,13.88636502352627,2.677168558275911,-25.896910048022715,66.35278890436047,42.38512419390281,-34.046407771858135,9.158813968959745,1028.5714285714284
2020-02-10,12.659090215509593,3.758532106094159,-37.97938160060607,71.63535826929586,42.15943130682134,-35.968089253960756,9.158813968959745,1028.5714285714284
2020-02-17,18.295452811501246,4.062995009534931,-43.58762760752255,73.07260315532844,42.881648545482086,-33.393760659895634,9.158813968959745,1028.5714285714284
2020-02-24,16.886364329944968,4.241470777456535,3.2164976768886966,65.17359406601146,50.97951594606205,-33.75634190850708,9.158813968959745,1028.5714285714284
2020-03-02,6.25,2.2152237379019057,37.81442543894975,58.227468810670935,43.748318048003384,-36.33067050257222,8.664494016791725,364.2857142857142
2020-03-09,-29.250001907348633,-0.3674524662688694,124.57731581225838,40.63071316842781,51.16909576717838,-35.53299262008889,8.664494016791725,364.2857142857142
2020-03-16,-34.772725538773976,2.9816234518536655,240.9897007893041,22.175790797827545,34.14282656978329,-34.19143854237895,8.664494016791725,364.2857142857142
2020-03-23,-46.90908952192827,7.601047626004753,153.9793820725274,14.56044550166251,41.46430162267456,-41.91442864688375,8.664494016791725,364.2857142857142
2020-03-30,-54.34090874411843,4.125984572363017,135.38145084971006,34.49101462558617,46.42954513846722,-38.723708472331595,8.664494016791725,364.2857142857142
2020-04-06,-40.72727290066807,5.711288652395008,86.55670795244039,36.38704432003006,51.394788654259884,-37.237127946410276,7.803855190359488,-64.28571428571428
2020-04-13,-49.068182164972484,4.3044603402846215,69.7731883255477,41.40232568808659,57.51558415997393,-37.49093395597642,7.803855190359488,-64.28571428571428
2020-04-20,-185.52272970026192,4.944880928580209,80.74227559197809,44.55281638069653,53.615604459109576,-30.239300339128405,7.803855190359488,-64.28571428571428
2020-04-27,-70.95454606142911,5.028872352259683,37.278354290834415,47.38534161223589,54.54546356194952,-34.046407771858135,7.803855190359488,-64.28571428571428
2020-05-04,-53.659092296253554,4.440948406229506,48.32990194104381,45.555365129629436,54.09407778778652,-27.73748713032368,7.707012269577018,-64.28571428571428
2020-05-11,-45.13636502352627,5.238842901595309,13.6907203910277,50.03302035561479,53.046864995760544,-33.792601762291994,7.707012269577018,-64.28571428571428
2020-05-18,-27.68181887539951,4.640418025139437,20.82473912189917,51.24754191172545,56.34198114715021,-35.351701995783145,7.707012269577018,-64.28571428571428
2020-05-25,-24.431818181818176,4.839895653912407,16.12371071097778,51.32639574599316,56.594750568585184,-37.237127946410276,7.707012269577018,-64.28571428571428
2020-06-01,-19.454548575661402,2.708663339689954,16.41236924633538,56.46098291529427,56.88364407614577,-35.6780233906097,8.229121929447825,-42.85714285714286
2020-06-08,-13.204548575661402,1.4383230935244518,6.432987488422204,65.50641024919837,53.317696460258325,-35.1341515176925,8.229121929447825,-42.85714285714286
2020-06-15,-15.636366063898254,1.5013126563525159,41.85567639537693,57.017047453932435,55.303793866575376,-39.48513082333943,8.229121929447825,-42.85714285714286
2020-06-22,-8.045456626198511,1.8792660530470906,31.010311166035763,59.64220010197996,58.589873486353405,-39.66642144764516,8.229121929447825,-42.85714285714286
2020-06-29,-9.772725538773974,2.404200436249182,31.05154922328044,56.333489215913126,60.22389880495176,-38.0348058288936,8.229121929447825,-42.85714285714286
2020-07-06,-7.659088481556287,1.6167988614460338,15.216497047660283,62.80957911578451,61.46069141809409,-33.64756666946176,8.780705521730713,-35.71428571428572
2020-07-13,-8.863639831542969,1.2703402461655244,32.74226237818139,61.55511811761847,63.49192740182745,-36.94706208305922,8.780705521730713,-35.71428571428572
2020-07-20,-7.249996878884057,0.6089258068815662,0.8659756060727997,66.50230867475932,63.934287664539255,-40.5003591839134,8.780705521730713,-35.71428571428572
2020-07-27,-5.454548922452062,-1.65879457328576,2.020617612858411,65.86585272708886,74.32518598173871,-37.12835270736497,8.780705521730713,-35.71428571428572
2020-08-03,-6.795458360151807,-1.8372703412073532,0.1237141717340462,68.69224016017779,77.48488640087949,-23.821604458548617,9.18660367666253,-28.57142857142857
2020-08-10,-4.6818213029341305,-1.7532789175278896,-8.742271501993393,72.06442913286656,82.7570744471351,-21.9361785079215,9.18660367666253,-28.57142857142857
2020-08-17,-2.522728659889917,-2.519686641342689,-11.9587613135269,73.16630771171249,79.2001523426988,-15.19216555482461,9.18660367666253,-28.57142857142857
2020-08-24,-3.136366063898255,-2.0472408905429784,-7.752573858831346,75.69008043016092,74.02726696272697,-8.883244913290156,9.18660367666253,-28.57142857142857
2020-08-31,-3.159089521928271,-3.2650925043060997,8.907215865616935,79.22458979567881,77.62932764457955,-4.641036524379127,9.18660367666253,-28.57142857142857
2020-09-07,-9.61363532326438,-2.6561666974245446,26.8041237113402,75.46888217439573,73.68422038645939,-6.1638812263947855,9.473342933414198,-35.71428571428572
2020-09-14,-15.31818563287909,-2.288714231155675,6.597939717400925,73.2456740709017,76.32030889950694,-16.243653769183485,9.473342933414198,-35.71428571428572
2020-09-21,-10.659087787974963,-1.7952746293676158,14.556703862455711,67.99844392433583,71.6349223596632,-33.46627604515603,9.473342933414198,-35.71428571428572
2020-09-28,-7.727276195179334,-1.0393678359785108,8.000002202299461,71.61026954935683,69.07105997854597,-23.821604458548617,9.473342933414198,-35.71428571428572
2020-10-05,-10.863633589311084,-1.826769410781659,15.298965296794464,74.52881146345743,72.65505861733573,-5.184912719605739,9.608923022509686,-35.71428571428572
2020-10-12,-10.386362942782313,-2.288714231155675,3.3814420405122503,80.96086172190122,73.55783016566168,4.459758867001673,9.608923022509686,-35.71428571428572
2020-10-19,-7.204541293057531,-1.9107608344611227,20.32989816567332,75.46683207470963,72.104370176889,1.3415584000193714,9.608923022509686,-35.71428571428572
2020-10-26,-12.363633242520422,-2.309708082144024,33.855666327722304,74.13812996656964,71.7703380919121,9.644671586607402,9.608923022509686,-35.71428571428572
2020-11-02,-16.340905969793152,-1.2598393157398302,53.11340646645457,69.49252907422623,70.6599356995675,17.621467700678338,9.858188279480263,-35.71428571428572
2020-11-09,-8.431816101074219,-2.6456657669988504,6.185567010309279,81.79443975463307,67.3016189276987,3.662076662208924,9.858188279480263,-35.71428571428572
2020-11-16,-6.0454541986638795,-2.8136486143577777,-7.42267726622906,85.70681749400065,70.38007872361858,-2.2117430231442414,9.858188279480263,-35.71428571428572
2020-11-23,-2.1363605152476928,-2.876638177185864,-6.55670166015625,83.18151970139547,65.91135955940517,-1.7041310040119662,9.858188279480263,-35.71428571428572
2020-11-30,3.045454892245214,-3.5485535468955054,-15.175258990415596,85.4364668482005,60.30513942817268,4.496014398477155,9.858188279480263,-35.71428571428572
2020-12-07,3.9999961853027344,-4.6824137369791625,-12.164951599750317,89.03754195047733,68.07801127538741,-12.762872053589724,10.335665984555664,-35.71428571428572
2020-12-14,6.795458360151807,-4.766405160658627,1.9381414983690393,86.76056873265463,65.08982863430015,-2.7556192183708528,10.335665984555664,-35.71428571428572
2020-12-21,8.500003814697266,-5.469815311782311,3.7525766903592217,89.18909931995445,69.64882495334615,-1.9216814821026107,10.335665984555664,-35.71428571428572
2020-12-28,8.227270299738109,-5.154859487778873,-10.515460771383701,91.25973750473615,69.46827064368097,-16.424940071179794,10.335665984555664,-35.71428571428572
2021-01-04,8.227270299738109,-5.637798159141239,11.216492013832946,89.48248858600749,75.56197859488105,-6.417687235960923,10.605984050392014,-35.71428571428572
2021-01-11,18.75,-4.94488092858022,-0.7010312424492571,94.54949746931445,66.97662337433346,-0.398836780086953,10.605984050392014,-35.71428571428572
2021-01-18,19.000001387162648,-4.692914667404857,0.3711346498469714,92.94378189139448,65.14400374332811,-0.7614180286984018,10.605984050392014,-35.71428571428572
2021-01-25,19.93181922219016,-5.102362845513452,-4.371131818319107,97.40403627126368,67.45509670301044,-5.656269207262521,10.605984050392014,-35.71428571428572
2021-02-01,21.70454372059214,-4.440948406229495,24.70102998399244,93.2310333589971,67.9877341205548,3.335750945072946,10.981566160557144,-42.85714285714286
2021-02-08,31.750002774325292,-4.5354327504716245,-12.412372077863242,100.48796122711465,65.37872214186078,4.496014398477155,10.981566160557144,-42.85714285714286
2021-02-15,35.15909368341619,-5.007870491408295,-17.64948736761034,101.47309662932358,64.44886303902084,5.583758144311535,10.981566160557144,-42.85714285714286
2021-02-22,39.750003814697266,-5.501310093196354,-3.2989659260228787,98.48645140369952,63.1037312279831,7.0703473148517215,10.981566160557144,-42.85714285714286
2021-03-01,37.81818043101919,-4.419946545378117,-3.711338633114525,99.78290194360699,55.502399199142886,0.6889069657474156,11.563465797606721,-50.0
2021-03-08,47.84091602672229,-3.0866167363845176,5.03092500352369,95.66263909582602,51.45797825457849,-3.4082620080239323,11.563465797606721,-50.0
2021-03-15,48.61363497647373,-3.5905492587352317,-17.402059024142236,103.21960655336868,56.080175194103596,-9.934733127649032,11.563465797606721,-50.0
2021-03-22,39.88636190241033,-3.622044040149275,-22.144333357663506,101.76802347014124,56.88364407614577,-6.381431704485429,11.563465797606721,-50.0
2021-03-29,39.90909403020686,-2.425194287237531,-14.474227747966328,103.32969940663364,54.56351458485182,-6.236400933964625,11.563465797606721,-50.0
2021-04-05,33.295458013361156,-2.7821538329437345,-26.14433052613563,108.7991403581999,55.90864639588957,-8.955764620859984,12.259471658708708,-50.0
2021-04-12,35.681819915771484,-3.2650925043060997,-30.26804186634182,111.36337754423309,56.28780603812227,-7.1428497331838425,12.259471658708708,-50.0
2021-04-19,44.04545697298916,-4.388451763964074,-28.701027152464565,113.16926535552794,59.73639996482365,-0.3263170725171127,12.259471658708708,-50.0
2021-04-26,40.70454510775478,-4.661419885990814,-27.257734475676543,114.4165760060083,60.621109470086765,1.1602634534042089,12.259471658708708,-50.0
2021-05-03,46.56817696311257,-4.514438899483264,-24.49484756312419,114.67463855429969,61.722497371140726,7.541703802508493,13.004320036379259,-57.14285714285715
2021-05-10,47.545450383966624,-5.29133954386073,-18.927835680774805,114.45805302282821,65.8842720048912,6.3089206415344545,13.004320036379259,-57.14285714285715
2021-05-17,50.61362873424182,-5.280838613435035,-18.680415202661894,113.17081543090039,68.592586649869,12.72661652211422,13.004320036379259,-57.14285714285715
2021-05-24,50.113643299449585,-5.690286791543631,-24.123712913277217,114.8993994832999,70.13632379347423,4.64104516899797,13.004320036379259,-57.14285714285715
2021-05-31,50.727272033691406,-5.480316242208005,-30.88659699430171,115.26089206087646,71.7522870690098,8.266866299731412,13.004320036379259,-57.14285714285715
2021-06-07,57.34091672030361,-5.564307665887469,-32.28865947920022,116.4083478559145,71.2377116945282,11.312547059143885,13.960538615062035,-42.85714285714286
2021-06-14,61.090902848677196,-4.965882789431597,-32.41237365093428,117.87426913633676,68.27661660795492,21.53735037245341,13.960538615062035,-42.85714285714286
2021-06-21,67.40909923206677,-3.5590544773211996,-26.226806640625,116.31976854874569,60.85583888877992,15.699786218575728,13.960538615062035,-42.85714285714286
2021-06-28,65.70455377752131,-3.5380606263328396,-35.01030833450789,119.68990742174839,60.657222536051904,31.14576642758533,13.960538615062035,-42.85714285714286
2021-07-05,70.81819014115767,-3.170600150200953,-37.85567136154961,122.85063611218096,60.92805400054968,34.15519165552232,14.486437780528693,-28.57142857142857
2021-07-12,68.4090874411843,-3.170600150200953,-33.31958731425178,124.50396650537132,62.9954030502482,35.93184236710412,14.486437780528693,-28.57142857142857
2021-07-19,50.95454129305752,-2.4776909295029514,-7.216494845360821,118.0453024528318,63.28428553764829,37.01958611293848,14.486437780528693,-28.57142857142857
2021-07-26,63.431826504794046,-2.729657190678314,-27.505154953789468,126.43276029296926,62.38151398932234,48.73097859678819,14.486437780528693,-28.57142857142857
2021-08-02,61.954550309614696,-3.359576848548229,-19.75258109495812,124.6335228050464,64.13289299710677,42.675855320201016,14.811914205593313,-35.71428571428572
2021-08-09,51.09091672030361,-2.414701366674865,-31.05154922328044,126.94736031539531,55.58365084252435,47.20812525015366,14.811914205593313,-35.71428571428572
2021-08-16,52.931820262562134,-2.7506590515296914,-33.52576973512,129.37230322824448,61.316250174394035,43.0747007449068,14.811914205593313,-35.71428571428572
2021-08-23,49.18181679465554,-2.404200436249182,-29.27835208853495,129.36307777965706,62.78776118606901,43.03843656881246,14.811914205593313,-35.71428571428572
2021-08-30,57.29545246471057,-2.729657190678314,-33.2371111997624,131.8853254239487,63.311373092162256,56.09137016344381,14.811914205593313,-35.71428571428572
2021-09-06,57.4772748080167,-3.3700777789739123,-32.3298975364449,132.225316956037,65.28844498702817,70.84844340670595,15.331497528400263,-42.85714285714286
2021-09-13,60.11362942782314,-2.761151972092357,-20.123707879449903,128.81010089115583,61.77666146000816,89.66643009226402,15.331497528400263,-42.85714285714286
2021-09-20,59.75000208074397,-2.110238463234093,6.0206147813305355,123.12662453211787,59.05029579212804,80.74692964749836,15.331497528400263,-42.85714285714286
2021-09-27,71.47726579145952,-1.9632574767265432,-22.63917431388933,127.49828710421043,57.98502095703921,106.88905236823656,15.331497528400263,-42.85714285714286
2021-10-04,76.4090971513228,-1.51181358677821,-5.319591404236467,120.19425694574402,59.447506457263046,109.06453985990527,16.443085836512328,-42.85714285714286
2021-10-11,82.99999237060547,-0.9763782731504245,-17.525773195876294,123.30378314645549,58.40029366523707,93.7998545975109,16.443085836512328,-42.85714285714286
2021-10-18,87.36364191228694,-1.3648326002706712,-32.74227024353657,129.71792003386167,59.321127256625815,80.89195177340034,16.443085836512328,-42.85714285714286
2021-10-25,90.36364121870557,-1.51181358677821,-37.15464011910035,133.81514426138975,63.04054162766448,113.85061579942413,16.443085836512328,-42.85714285714286
2021-11-01,91.02273420854048,-1.4383230935244407,-32.3298975364449,136.23138675118076,62.056518435957116,88.034810151203,17.440567920571958,-42.85714285714286
2021-11-08,86.20454614812678,-1.2598393157398302,-28.989693553177354,140.7387559220067,64.97247494511409,96.77303293859119,17.440567920571958,-42.85714285714286
2021-11-15,83.81817557594992,0.16798284735892732,-32.00000094384262,139.7710088653061,68.46619642907127,81.90719310090257,17.440567920571958,-42.85714285714286
2021-11-22,74.43181818181819,1.3123359580052396,-20.948453293633197,139.77818421420744,63.04054162766448,73.64032680117117,17.440567920571958,-42.85714285714286
2021-11-29,58.97726579145952,1.1443531106463345,-5.319591404236467,138.36141532382013,60.9009774661962,75.99710923945509,17.440567920571958,-42.85714285714286
2021-12-06,57.93181332674892,1.0918644782439202,12.082475485260957,135.1049319773174,60.46764271493554,32.59609142203117,18.25152211808101,-42.85714285714286
2021-12-13,62.02272935347124,1.1233592596579633,-16.247424882711826,139.06289943348494,61.26208608552659,37.563453663546255,18.25152211808101,-42.85714285714286
2021-12-20,55.068189447576344,1.3648326002706712,-5.690718188728249,133.89399809565737,61.93012821515937,39.013787302610936,18.25152211808101,-42.85714285714286
2021-12-27,71.74999930641867,0.8818859190452777,-27.092782246697812,145.32085372651244,63.23012144878084,47.20812525015366,18.25152211808101,-42.85714285714286
2022-01-03,72.90909507057883,1.0393678359785108,-31.54639017950628,145.59581709660634,62.44471460980145,38.32488033686352,18.966475507162173,-42.85714285714286
2022-01-10,77.79546217484908,0.776900644377454,-20.000001573071035,139.1304777194791,62.35443745496887,47.89703221590109,18.966475507162173,-42.85714285714286
2022-01-17,90.49999930641872,-0.08399142367946366,-20.865977179143847,138.74953419610029,63.98845175340671,54.53227857457155,18.966475507162173,-42.85714285714286
2022-01-24,89.34090354225852,0.7034101511236956,23.298967499093905,125.80962999325847,66.26343164712387,46.01160626527396,18.966475507162173,-42.85714285714286
2022-01-31,100.34091255881572,1.354331669844977,2.391752262705382,131.20739245945833,62.04749292450595,76.72227173667801,18.966475507162173,-42.85714285714286
2022-02-07,107.54545385187325,0.1574819169332331,-5.731956245972936,129.5853135858731,64.35858588418823,53.44452618411828,19.790482446167967,-42.85714285714286
2022-02-14,116.95454337380147,1.175855901923395,16.824741953427026,125.37645893031551,68.6377252272853,52.10298507333662,19.790482446167967,-42.85714285714286
2022-02-21,106.9772720336914,0.8293972866428856,14.432989690721643,122.67297747352966,71.40020396113056,60.65991291410966,19.790482446167967,-42.85714285714286
2022-02-28,117.54545731977983,1.532807437766559,24.329895334145448,123.95661489039904,71.47243009306084,59.60841605513192,19.790482446167967,-42.85714285714286
2022-03-07,171.36363983154297,4.241470777456535,50.30928149665754,115.10625954187023,80.00362122474098,75.23569121075666,21.12691475296633,42.85714285714286
2022-03-14,134.11364121870562,3.9999974368438274,31.010311166035763,113.67361487952353,76.9071104059188,68.89050639312788,21.12691475296633,42.85714285714286
2022-03-21,154.81818806041366,3.4120734908136496,-2.969069333420582,128.4235320942481,74.10851860610839,77.66498471199155,21.12691475296633,42.85714285714286
2022-03-28,140.8181797374379,4.0314922182578705,-19.051549852508863,134.2780167685654,75.10156730926691,99.70993845895836,21.12691475296633,42.85714285714286
2022-04-04,134.72726995294747,3.926506943590069,-23.42268167082796,134.6425844956711,74.16268269497586,107.10660284632718,21.500391582244905,135.71428571428572
2022-04-11,114.29545662619853,4.9133861471661655,0.4948488215810176,125.93251096834584,75.52587654907641,140.86295772176257,21.500391582244905,135.71428571428572
2022-04-18,145.93181610107422,5.805772996637137,-8.57731927301466,124.86545908294792,79.01057252158243,183.5388130419636,21.500391582244905,135.71428571428572
2022-04-25,123.95454753528945,6.824146981627299,11.422682300056387,119.9720461407436,70.91270512100247,141.8056706970761,21.500391582244905,135.71428571428572
2022-05-02,139.02272311123934,8.913383584010015,33.360825371496446,112.76579573681774,68.07801127538741,171.0297383533211,22.652822339556543,450.0
2022-05-09,134.29544622247872,8.818899239767886,43.29896907216495,104.36142457426989,67.65370203557792,154.74982905266214,22.652822339556543,450.0
2022-05-16,159.54544760964131,9.385829334809713,13.278347683936055,105.22009132694077,63.717620288908925,188.4699111073843,22.652822339556543,450.0
2022-05-23,150.65909298983487,7.170605596907809,17.443297081386923,103.46589352907287,66.81413110773109,217.04136190783282,22.652822339556543,450.0
2022-05-30,161.52272657914594,6.7401555579478245,6.061852838575232,112.91225285829523,67.1301011496452,216.4249660050364,22.652822339556543,450.0
2022-06-06,169.31818181818184,7.548558993602361,3.3814420405122503,111.02748621151703,66.0377387600424,237.9985459751087,24.193466892352777,764.2857142857142
2022-06-13,174.84090978449044,10.320211896120401,40.28866168149972,91.99038553249652,65.02663903398154,212.14650208464985,24.193466892352777,764.2857142857142
2022-06-20,148.9999944513494,9.921256638574484,28.371130559862266,88.16096182676883,65.71274320667717,151.77665071158177,24.193466892352777,764.2857142857142
2022-06-27,149.02272657914594,9.123362143208658,11.134023764698785,99.69534768628124,64.38567343870223,135.71429188901348,24.193466892352777,764.2857142857142
2022-07-04,146.4318188753995,10.383201458948488,10.103095929647221,95.86642400486724,62.39957603238517,107.75925428059914,24.17494042055093,1099.9999999999998
2022-07-11,136.56817349520597,13.406820622641892,7.9175260878100895,97.3564089553854,56.17947786038735,132.99493684673695,24.17494042055093,1099.9999999999998
2022-07-18,133.18181471391156,12.724412332369583,4.3298937610744215,96.14906274817614,54.30170863180521,171.1747777684608,24.17494042055093,1099.9999999999998
2022-07-25,119.77272033691406,11.790029771058897,-3.67010057586985,103.11208882531915,55.18642915722882,216.4249660050364,24.17494042055093,1099.9999999999998
2022-08-01,113.38636224920097,10.708658213377632,-5.814432360462307,110.88410423956864,59.700286898858536,200.3263343617548,24.2524147571769,1564.2857142857142
2022-08-08,106.27273212779649,11.748034059219158,-12.206181791639814,111.98138259472871,61.30722466294287,175.1631801478057,24.2524147571769,1564.2857142857142
2022-08-15,103.20455377752134,11.863520264312655,-17.73195561674452,120.0242736803077,60.81972582281479,216.46120424727414,24.2524147571769,1564.2857142857142
2022-08-22,105.06818944757637,14.488192180323157,-1.855673249234857,111.87540244144371,56.54058647971774,250.9789944406456,24.2524147571769,1564.2857142857142
2022-08-29,120.47727758234194,14.267712690698819,8.082470451433643,106.3772725948799,56.77530487825035,239.1225538970374,24.2524147571769,1564.2857142857142
2022-09-05,97.43182442405008,14.99212470267388,5.03092500352369,100.93188281280176,54.35588374083316,218.56419796522962,24.779577091175508,1728.5714285714284
2022-09-12,99.4999972256747,13.732285386934052,-1.5670068485220678,110.46323377474225,56.007949062173346,199.0935425561619,24.779577091175508,1728.5714285714284
2022-09-19,94.84091672030361,15.2125961824352,6.226805067553953,99.68407213800772,50.41979097400366,181.07324672001548,24.779577091175508,1728.5714285714284
2022-09-26,74.34090701016514,19.790024644746552,33.030920913538985,87.14715003017024,46.54690984781378,150.29007018566048,24.779577091175508,1728.5714285714284
2022-10-03,90.06817557594992,17.322834645669303,24.123712913277217,88.34477076447844,52.83019762013019,134.59028396708476,25.477688233164073,2100.0
2022-10-10,107.1136301214045,18.78215159018208,33.81443613583279,84.96335634320218,50.51910466044794,133.3212539192541,25.477688233164073,2100.0
2022-10-17,94.22727064652877,17.627297549110075,29.360828203024326,88.32019456946094,49.589245557607995,117.51270110625187,25.477688233164073,2100.0
2022-10-24,92.22727688876064,17.574800906844644,23.092785078225674,94.433266817599,48.83994076443328,88.50616663885982,25.477688233164073,2100.0
2022-10-31,96.65908813476562,17.091862235482267,6.721646023779804,98.25501515011167,47.68439979467236,130.4206039303624,25.477688233164073,2100.0
2022-11-07,108.61363844438033,15.611551439981142,0.4123727070916461,94.917640370263,51.34965007684358,151.77665071158177,25.805690995292597,2599.9999999999995
2022-11-14,95.1590971513228,11.979006469406173,-2.144331784592457,102.62105244867534,60.11555960705635,115.11966313649245,25.805690995292597,2599.9999999999995
2022-11-21,81.20455308393998,13.217843924294614,-7.793811916076033,102.24675924866848,56.84753101018063,145.68528919275687,25.805690995292597,2599.9999999999995
2022-11-28,75.5454496903853,12.000000320394522,-8.412374909391108,102.96359410476335,57.09127492016446,143.36476228594844,25.805690995292597,2599.9999999999995
2022-12-05,74.8409097844904,10.54068337588172,-14.432989690721653,104.7505684963931,59.55584565515846,102.21176031238195,25.825059579449096,2828.571428571428
2022-12-12,66.29545038396662,10.372700528522794,3.0927835051546504,104.3266103814298,60.73847417943335,138.83249235599578,25.825059579449096,2828.571428571428
2022-12-19,70.8863691850142,9.942258499425849,-7.546391437963107,95.47369240829337,61.38846528616382,112.14648479541216,25.825059579449096,2828.571428571428
2022-12-26,80.81817626953125,9.511808460465886,-13.938140869140625,96.86436002950647,62.128744567887395,84.15519165552232,25.825059579449096,2828.571428571428
2023-01-02,82.40909576416016,8.682411173823002,-10.639174943117746,96.5919592840202,64.27733424080682,62.25526003445745,26.4936967890256,2992.8571428571427
2023-01-09,69.61363012140447,8.13648293963254,-9.402064687197974,99.28470271866968,69.0620234469343,41.7694065209818,26.4936967890256,2992.8571428571427
2023-01-16,81.50000138716264,7.296584722563981,-24.32989533414546,104.7633691188234,73.18769603488013,23.966643873688298,26.4936967890256,2992.8571428571427
2023-01-23,85.50000624223189,7.233595159735895,-18.309280552814922,105.82428320577088,73.9731028738595,24.98187655657169,26.4936967890256,2992.8571428571427
2023-01-30,77.04545801336116,7.380576146243434,-17.77319367398921,105.71982812664267,73.59394323162678,-2.93690552036715,26.4936967890256,2992.8571428571427
2023-02-06,68.43181956898083,8.787404458353842,-19.876287401336988,110.4975354426609,68.47522194052243,-10.91370163443809,26.927384651660226,3164.2857142857138
2023-02-13,82.136362249201,8.50393540590142,-16.123710710977768,111.8395506981527,67.18426523851264,-12.799127585065207,26.927384651660226,3164.2857142857138
2023-02-20,73.49999167702414,9.039370719529206,-17.443297081386923,108.85956829650843,66.1460779579378,-17.512683817014164,26.927384651660226,3164.2857142857138
2023-02-27,72.00000069358133,9.88976185716044,-13.60824427653834,103.90060216678036,64.03359033082299,-0.9789685067890463,26.927384651660226,3164.2857142857138
2023-03-06,82.8636342828924,9.553804172305602,-23.25772944184923,107.2891794363501,66.82315661918227,-6.74401295309689,27.083596493444162,3221.4285714285716
2023-03-13,70.0000069358132,8.766402597502454,9.360826629953278,97.42451226690898,72.58283248540545,-5.5112384367417055,27.083596493444162,3221.4285714285716
2023-03-20,53.727271340110086,8.430444912647639,-0.4123727070916572,102.33022580722988,78.67654043660552,-19.39810976764129,27.083596493444162,3221.4285714285716
2023-03-27,65.47726717862217,7.989501953125,-15.051544818681538,103.65944044029138,76.25711929918833,-24.2929609462054,27.083596493444162,3221.4285714285716
2023-04-03,82.77272311123936,7.181098517470463,-23.505157785317333,111.18516887883673,79.10084967641502,-23.966643873688287,27.514758019014906,3350.0
2023-04-10,81.22726787220348,7.6955399801099,-21.773198707816533,110.39665553737548,79.57028647348032,-21.247280186792928,27.514758019014906,3350.0
2023-04-17,83.70454961603338,7.191599447896158,-30.103089637363077,112.5579106284043,80.03069775909444,-17.512683817014164,27.514758019014906,3350.0
2023-04-24,79.00000485506924,6.404197873093009,-30.350517980831203,111.82675007572244,79.57028647348032,-17.585203524584003,27.514758019014906,3350.0
2023-05-01,71.95455377752131,7.244096090161589,-33.69072196409875,113.4053268340173,79.05571109899871,-15.953583583523013,27.72065448972203,3514.2857142857138
2023-05-08,66.27273559570312,6.425199733944398,-29.979383330984234,111.88205276481563,82.92860324534912,-18.854242217033534,27.72065448972203,3514.2857142857138
2023-05-15,61.613637750799,7.538058063176667,-29.402058394913823,111.78782318290229,82.17929845217438,-13.886871330899586,27.72065448972203,3514.2857142857138
2023-05-22,63.61363150856712,8.346453488968164,-29.03093161042204,114.67308847892727,78.27932977147051,-12.980413887061514,27.72065448972203,3514.2857142857138
2023-05-29,65.15908674760298,9.406823185798064,-25.979378297156874,115.32952039792934,75.5078145060136,-20.920954469656962,27.72065448972203,3514.2857142857138
2023-06-05,63.97727619517932,9.186351706036744,-39.257733846448126,118.82869054507776,76.76266916221874,-18.600436207467396,28.00697269029635,3528.5714285714284
2023-06-12,52.54546078768642,8.797897378916497,-38.10309183966254,122.16402772584817,76.51892525223496,-17.83900953415013,28.00697269029635,3528.5714285714284
2023-06-19,63.13636086203835,7.401578007094822,-44.16494861091535,125.78197864871177,76.79878222818388,-4.568525461428141,28.00697269029635,3528.5714285714284
2023-06-26,57.659097151322804,7.811026185203418,-41.23711340206185,121.64635255389294,73.66615834339657,1.1965189848796909,28.00697269029635,3528.5714285714284
2023-07-03,58.61363844438032,8.125982009206867,-44.041238371858896,128.13729317588067,73.48560403373139,-1.7766420669629412,28.257501115798878,3557.142857142857
2023-07-10,65.88635878129439,7.055119391814313,-37.85567136154961,125.77890349918262,73.78352305274313,-3.226975706027635,28.257501115798878,3557.142857142857
2023-07-17,68.52273074063389,4.818893793061019,-44.41237302170586,131.57811048562235,76.25711929918833,-8.919500444765639,28.257501115798878,3557.142857142857
2023-07-24,78.9545405994762,6.404197873093009,-42.63917588696038,133.20891478348136,76.97031102639791,-2.6468439793255305,28.257501115798878,3557.142857142857
2023-07-31,85.90909784490412,6.939633186720795,-43.79381396106838,134.96617523027058,77.89113359762617,-4.496005753858312,28.257501115798878,3557.142857142857
2023-08-07,86.2272782759233,7.1391108154937655,-34.969070277263214,131.35537465509256,74.55087886882019,-1.196518984879702,28.877716864984126,3707.142857142857
2023-08-14,87.52273212779652,8.33596056840551,-38.88659919660115,129.88485315098447,72.4835298191217,1.3415584000193714,28.877716864984126,3707.142857142857
2023-08-21,83.45454822887073,8.482941554913047,-29.360828203024326,125.27917920008859,70.92174165261412,-4.568525461428141,28.877716864984126,3707.142857142857
2023-08-28,82.04545107754795,9.24934126886483,-37.81443330430493,126.9965127054303,73.14255745746382,-6.490206943530752,28.877716864984126,3707.142857142857
2023-09-04,94.43182511763139,9.438317967212107,-46.02061792747263,131.2186680077319,75.11962935232974,0.2538146541849917,29.380457940698456,3707.142857142857
2023-09-11,98.3863657171076,9.784776582492615,-43.09278271861912,129.76912252358267,73.63005629759193,-5.438718729171876,29.380457940698456,3707.142857142857
2023-09-18,107.90909853848545,10.446191021776574,-42.26804123711341,128.0318130469094,74.37032455915502,-1.0877437458343797,29.380457940698456,3707.142857142857
2023-09-25,103.81818251176314,11.286089238845154,-30.309279923586494,122.08772401558025,73.02519274811728,-4.314719451862004,29.380457940698456,3707.142857142857
2023-10-02,101.86363567005507,12.230972730581534,-27.38144078205541,119.57625189524839,65.20719334364675,2.9731696964615084,29.557301535170843,3707.142857142857
2023-10-09,96.31817557594992,11.370080662524607,-27.010306132208438,121.9965945844117,66.96759786288231,22.407543640197126,29.557301535170843,3707.142857142857
2023-10-16,96.95455377752131,11.538055500020494,-29.03093161042204,123.94073911843964,73.43143994486394,12.72661652211422,29.557301535170843,3707.142857142857
2023-10-23,94.2954496903853,10.803150567482778,-15.999996539243721,115.92294925340742,78.4147455037194,6.091378808062653,29.557301535170843,3707.142857142857
2023-10-30,87.06817626953125,11.412076374364343,-18.556701030927837,113.35154921908077,80.21125206875963,21.53735037245341,29.557301535170843,3707.142857142857
2023-11-06,83.68181748823686,10.467192882627963,-38.59793672856596,123.54904507231667,78.89320781223587,18.34663019790126,29.747618927317298,3707.142857142857
2023-11-13,77.86364121870561,10.929137703001967,-39.13401967471408,125.88233352846787,75.63420472681135,15.917336696666373,29.747618927317298,3707.142857142857
2023-11-20,76.36363289572976,8.629922541420608,-44.701031557063466,132.83717170747425,78.54112470435663,4.496014398477155,29.747618927317298,3707.142857142857
2023-11-27,70.13636502352627,8.346453488968164,-47.67010482316165,132.99335430185292,81.61958450027652,1.3052942239250243,29.747618927317298,3707.142857142857
2023-12-04,66.00000208074397,8.808398309342191,-46.061855984717305,133.98410247698297,82.7299868926211,-2.3205182621895637,29.997305240465177,3707.142857142857
2023-12-11,62.09090839732776,9.291336980704568,-47.917525301274566,136.68043358608313,78.56821225887063,-11.856414609751653,29.997305240465177,3707.142857142857
2023-12-18,64.70454822887073,7.622049486856142,-48.20618383663216,142.7284776722268,82.92860324534912,-9.245826161901604,29.997305240465177,3707.142857142857
2023-12-25,67.18181263316761,6.771650339361868,-46.26804233826313,143.4488877021645,85.70914402225725,-5.36620766622089,29.997305240465177,3707.142857142857
2024-01-01,62.840912558815695,6.38320402210466,-48.65979460096851,144.22717554641093,86.18759531061315,-8.846989381814662,30.400256002155814,3707.142857142857
2024-01-08,60.84090146151455,7.3070856529896755,-46.061855984717305,143.90510988596822,82.95567977970258,8.049315821640768,30.400256002155814,3707.142857142857
2024-01-15,65.18181887539951,7.506563281762624,-47.62886676591695,144.9440104025058,84.77024838780562,20.123280909483054,30.400256002155814,3707.142857142857
2024-01-22,70.8863691850142,8.482941554913047,-45.608249153058566,148.35410121817168,82.34180173893724,-12.291515565932942,30.400256002155814,3707.142857142857
2024-01-29,74.4999972256747,8.776903527928148,-43.91752420012484,152.32229417155406,82.82928955890485,-9.717182649558387,30.400256002155814,3707.142857142857
2024-02-05,65.40908813476562,9.658789446973426,-43.628865664767225,153.08418121831173,82.87442813632113,-24.510511424296045,30.93457629116876,3707.142857142857
2024-02-12,74.81817765669389,9.364827473958325,-42.556699772471006,157.13070298043243,82.19734947507669,-35.89557386870034,30.93457629116876,3707.142857142857
2024-02-19,79.9772782759233,9.480313679051843,-41.27835145930654,156.2976374726221,81.59249694576252,-41.6606226373176,30.93457629116876,3707.142857142857
2024-02-26,76.31818597966975,9.007875938115163,-43.34020712940963,159.57254671508406,83.1272085779166,-39.8477120719509,30.93457629116876,3707.142857142857
2024-03-04,78.9545405994762,9.007875938115163,-44.37113496446118,162.7174246347729,91.17992638091978,-30.52936620247946,31.514791703509104,3707.142857142857
2024-03-11,77.11363705721767,8.000002883550694,-37.23711230091213,162.0512672428697,97.02989042213605,-36.221899585836304,31.514791703509104,3707.142857142857
2024-03-18,88.0000027743253,8.745408746514105,-40.90721680945957,163.66312061924015,95.0618440387213,-38.25235630698425,31.514791703509104,3707.142857142857
2024-03-25,86.2499930641868,9.427825046649453,-45.608249153058566,167.1843168374062,96.3347607379893,-41.44307215922696,31.514791703509104,3707.142857142857
2024-04-01,90.24999791925603,10.257214323429299,-43.7113417792566,168.49408052466552,101.90485678309615,-33.393760659895634,31.8002677917288,3707.142857142857
2024-04-08,96.43181887539951,9.333332692544282,-37.36082647264618,166.3753275002997,110.49923751509488,-33.13995465032949,31.8002677917288,3707.142857142857
2024-04-15,94.1136446866122,11.506560718606472,-20.701032815520293,159.17777751943188,113.5776973110147,-38.68745294085612,31.8002677917288,3707.142857142857
2024-04-22,88.29545107754795,11.370080662524607,-30.144327694607764,156.5551999965998,110.54437609251116,-35.061636132432106,31.8002677917288,3707.142857142857
2024-04-29,87.79544830322266,10.845146279322515,-39.505154324561055,161.96063783601477,111.7360301282372,-26.39593737492317,31.8002677917288,3707.142857142857
2024-05-06,78.36364399303089,10.288717114706358,-44.37113496446118,165.26679859808183,109.58745147547826,-20.413342450524684,31.86426833068068,3707.142857142857
2024-05-13,79.8181880604137,10.467192882627963,-43.91752420012484,167.3496998791566,110.89647022055091,-13.66932085280894,31.86426833068068,3707.142857142857
2024-05-20,81.36364329944958,9.784776582492615,-49.89690878956588,171.78946576277272,119.72555833092176,-0.25380600956613764,31.86426833068068,3707.142857142857
2024-05-27,76.63636641068892,9.942258499425849,-50.80412245288337,171.61488227365055,110.57146364702515,-8.629438903724019,31.86426833068068,3707.142857142857
2024-06-03,68.68182095614345,9.333332692544282,-45.93814574566084,170.52322919201944,111.8443803462931,-0.07251106295097509,31.809109971452386,3707.142857142857
2024-06-10,76.68181332674892,10.393702389374182,-47.46391846961582,174.48579687187288,108.33258579911261,5.36620766622089,31.809109971452386,3707.142857142857
2024-06-17,82.56818597966975,10.572178157295763,-47.42268041237112,180.2430018159633,108.7568840187616,1.0877523904532227,31.809109971452386,3707.142857142857
2024-06-24,85.52272103049539,10.729660074228997,-45.03092814966576,178.94451367697758,110.34577075994365,1.9216901267214759,31.809109971452386,3707.142857142857
2024-07-01,89.49999375776811,11.18110396417733,-49.60824632153069,180.33823144650407,110.12911440447385,-10.152283605739676,32.03016446454288,3707.142857142857
2024-07-08,87.1136405251243,10.246721402866621,-48.98969119357079,185.3437998422673,112.62075065366082,-14.213197048035553,32.03016446454288,3707.142857142857
2024-07-15,86.15909923206677,9.385829334809713,-45.89690768841616,188.33249516757755,118.73250962776325,-21.75489220592519,32.03016446454288,3707.142857142857
2024-07-22,81.31817904385655,9.511808460465886,-38.51546454675419,184.91165382916748,115.94295435956448,-18.382885729376753,32.03016446454288,3707.142857142857
2024-07-29,72.29544899680398,9.774275652066923,-31.54639017950628,179.7468526907121,114.61588459158953,-30.855691919615413,32.03016446454288,3707.142857142857
2024-08-05,65.77273282137783,7.811026185203418,59.05154513329576,165.55301251523355,116.81863835337643,-29.586653227165893,32.23774515995925,3707.142857142857
2024-08-12,81.95453990589489,8.2834639261401,-14.597941919700386,173.6460810406906,122.29845724365065,-20.63089292861533,32.23774515995925,3707.142857142857
2024-08-19,69.02273351495916,6.971127968134838,-39.58763043905043,187.15636297814982,125.85539036824747,-18.963017456078855,32.23774515995925,3707.142857142857
2024-08-26,75.95454129305752,5.879263489890918,-33.40206342874114,187.59618436446476,127.29078831395731,-29.07904120803362,32.23774515995925,3707.142857142857
2024-09-02,67.15909784490412,6.771650339361868,-38.144329896907216,189.21213794020736,125.13317312958674,-22.87889148323505,32.51985279876042,3564.2857142857138
2024-09-09,56.159088828346945,6.614176432291674,-19.793811286847607,180.13137138793374,125.85539036824747,-21.3197912497439,32.51985279876042,3564.2857142857138
2024-09-16,59.29544622247869,5.7847791456487885,-29.31959014577964,188.428224822432,132.95116151389675,-13.959391038469416,32.51985279876042,3564.2857142857138
2024-09-23,59.93182442405007,5.952753983144676,-34.474225388359784,192.80501264373981,137.11294716780773,-5.2574324271755675,32.51985279876042,3564.2857142857138
2024-09-30,54.93181402033025,5.805772996637137,-31.010311166035763,195.0533219677807,137.979616670329,5.982603569017342,32.51985279876042,3564.2857142857138
2024-10-07,75.31818043101917,7.653544268270185,-6.6391777746456215,191.64630630164393,138.76502350930843,-0.435092311562435,32.89838230216675,3350.0
2024-10-14,67.79545870694248,8.451446773499027,-18.762883451796064,200.03891439221232,139.03585497380618,-9.572151879037582,32.89838230216675,3350.0
2024-10-21,60.36363081498579,9.196852636462438,-24.247419219656084,199.73834977725792,145.83372914076466,-16.171134061613657,32.89838230216675,3350.0
2024-10-28,53.136357394131736,9.522309390891559,-18.350518610059595,198.1787239404516,147.62119917419326,-16.27990930065898,32.89838230216675,3350.0
2024-11-04,62.431820956143454,9.070865500943249,-9.360826629953289,192.50394800447168,147.00733215358844,0.833937736268231,33.27606969321848,3214.2857142857138
2024-11-11,54.636365717107594,10.803150567482778,-38.26804013596367,207.2840666877427,135.7317022908048,5.873828329972008,33.27606969321848,3214.2857142857138
2024-11-18,57.181826504794046,11.580051211860232,-35.752577634201835,201.7680234701413,135.6775492220979,7.795509812074641,33.27606969321848,3214.2857142857138
2024-11-25,56.68182373046875,12.14698130690206,-39.79381285991865,206.56825688149087,136.23726317399579,22.153737630631,33.27606969321848,3214.2857142857138
2024-12-02,54.77272380482068,11.758526979781813,-44.989690092421064,209.6291307164811,137.87126645227312,16.497468423368478,33.729126140009605,3100.0
2024-12-09,55.38636987859553,11.443571155778386,-41.48453781285237,209.92099490837742,140.5795810972509,15.373460501439773,33.729126140009605,3100.0
2024-12-16,60.70454337380149,12.188977018741799,-39.42268214274929,211.00802276510692,139.36083950701095,16.53372395484396,33.729126140009605,3100.0
2024-12-23,57.36363150856712,13.42782248349328,-30.80412087981236,205.8872487674713,135.83101597724908,32.5598272459368,33.729126140009605,3100.0
2024-12-30,61.340904235839844,13.52230682773541,-28.24742425348341,202.45003163278815,135.27130202535122,42.712119496295344,33.729126140009605,3100.0
2025-01-06,67.18181263316761,13.658794893680293,-33.85566632772229,205.95432702915178,138.18723649418718,33.13995897263893,34.30049937262631,2992.8571428571427
2025-01-13,79.13636294278233,15.443568592622213,-20.865977179143847,198.82900556039536,141.35597344493965,42.63959978872551,34.30049937262631,2992.8571428571427
2025-01-20,76.99999375776811,14.803148004326605,-34.14432879575748,207.0439300110968,147.74760041515148,43.147211807857786,34.30049937262631,2992.8571428571427
2025-01-27,66.29545038396662,12.692909541092522,-26.185568583380313,207.8436938996158,147.13371135422562,34.04641641647699,34.30049937262631,2992.8571428571427
2025-02-03,66.27273559570312,14.425194607632053,-23.21649138460454,206.9368998067531,155.83642026395933,21.53735037245341,34.602817707938584,2992.8571428571427
2025-02-10,64.36363567005505,13.721784456508356,-34.804121980962066,210.61682874329765,163.09471673669248,24.87310131752636,34.602817707938584,2992.8571428571427
2025-02-17,60.77272241765803,11.884514115301027,-39.0927816174694,213.08427372280977,160.323212491396,35.061640454741536,34.602817707938584,2992.8571428571427
2025-02-24,60.68181124600498,11.91600889671507,-21.731960650571846,206.3572966235484,166.128015914875,44.81508728039425,34.602817707938584,2992.8571428571427
2025-03-03,55.38636987859553,12.073490813648302,-6.061852838575222,199.52023917162967,160.91902848909854,49.45614109401109,34.64744966273401,2992.8571428571427
2025-03-10,50.068179043856546,9.091867361794614,14.886600455057986,187.47945368843563,160.99125462102882,62.835400405778415,34.64744966273401,2992.8571428571427
2025-03-17,53.59091325239702,8.524937266752787,-15.42267946852851,190.58027946608905,170.83146449778152,45.68528919275685,34.64744966273401,2992.8571428571427
2025-03-24,57.06818320534446,9.459319828063473,-27.917527660881124,195.3139346400718,172.0141040422169,41.914437291502594,34.64744966273401,2992.8571428571427
2025-03-31,62.45455308393999,9.406823185798064,-8.123708508678318,187.34069694138879,181.91750351928823,49.34735721034691,34.64744966273401,2992.8571428571427
2025-04-07,37.95454718849876,8.40945106165929,93.73195687520135,159.1998035904495,166.43497146549842,32.52357171446132,34.86513570640597,2992.8571428571427
2025-04-14,39.84090631658381,4.6089232437253935,27.3814407820554,176.79913435790814,189.3202302155609,20.558381865664344,34.86513570640597,2992.8571428571427
2025-04-21,43.36364052512429,3.181101080626636,39.46391626731636,164.1126924796718,207.50204038271693,9.354610045565792,34.86513570640597,2992.8571428571427
2025-04-28,41.022725538773976,3.9475088044414353,3.711338633114525,183.0857650453253,200.84861847961895,14.938368189877327,34.86513570640597,2992.8571428571427
2025-05-05,29.840911518443704,4.808400872498364,-2.5154664344394284,189.3135178698064,198.93474720523216,28.71646428173158,34.999031570792184,2992.8571428571427
2025-05-12,40.79545627940786,6.866142693467037,-24.164950970521904,199.23707540279145,190.69243856095213,32.19724599732534,34.999031570792184,2992.8571428571427
2025-05-19,42.47726960615679,5.438320530368279,-25.195878805573457,205.3511727007726,191.49589642283388,12.871647292635036,34.999031570792184,2992.8571428571427
2025-05-26,39.84090631658381,3.8635173807619827,-8.082470451433633,197.11882240273928,203.65624681104103,20.88470758280032,34.999031570792184,2992.8571428571427
2025-06-02,42.09091013128108,3.622044040149275,-24.28865727690077,203.93490383469896,204.2881868948692,33.93764117743166,35.34219235530405,2992.8571428571427
2025-06-09,48.386365717107594,3.8740183111876547,-29.23711403129029,207.51600296564425,200.8125164338144,31.7984092172384,35.34219235530405,2992.8571428571427
2025-06-16,63.11362873424182,2.8871391076115582,-21.195873771746133,208.91024576070006,206.61731985729327,35.89557819100977,35.34219235530405,2992.8571428571427
2025-06-23,55.704550309614696,3.328082067134197,-18.22680443832555,208.50370099246075,204.92914146998805,34.08267194795249,35.34219235530405,2992.8571428571427
2025-06-30,47.977274114435374,1.7112832056881633,-31.010311166035763,217.70889859519417,197.4090500643688,25.308202273707646,35.34219235530405,2992.8571428571427
2025-07-07,54.386364329944946,2.3412108734210957,-26.63917148236147,218.9904859123775,200.821530925105,23.71283786412215,35.65124758945337,2992.8571428571427
2025-07-14,52.22728035666726,2.971130531291011,-29.072161802311534,220.9658819660106,202.56388442143827,25.670783522319105,35.65124758945337,2992.8571428571427
2025-07-21,52.72726579145952,2.729657190678303,-31.34020775863805,222.862424185376,207.1138442088726,20.558381865664344,35.65124758945337,2992.8571428571427
2025-07-28,51.613634282892406,3.580056338172577,-38.02061965785075,227.17213374500332,198.73614187266472,8.339377362682399,35.65124758945337,2992.8571428571427
2025-08-04,50.65909298983486,3.7060354638287496,-27.752575431902383,224.10868478479765,204.63122245097628,6.3089206415344545,36.12367262040102,2992.8571428571427
2025-08-11,45.363634282892406,3.4330673418019986,-32.98969072164949,226.33651811319325,202.70833668529883,7.1066028463272035,36.12367262040102,2992.8571428571427
2025-08-18,44.13635947487571,3.0656148755331403,-38.1855679541519,230.21253158434823,200.77639234768876,4.786084584137651,36.12367262040102,2992.8571428571427
2025-08-25,47.27273420854048,3.338582997559869,-39.01030943565762,229.70920711019568,204.57706938226926,-2.2479985546197234,36.12367262040102,2992.8571428571427
2025-09-01,45.47727758234197,2.6456657669988504,-36.65979523019691,230.7813842448089,213.59574833391704,8.665703079818353,36.5253602135597,2914.2857142857138
2025-09-08,41.499996185302734,2.3097080821440352,-37.69072306524848,232.5678461115172,228.43732581258806,12.037709556366805,36.5253602135597,2914.2857142857138
2025-09-15,43.863634629683055,2.1522341750738194,-35.298970802543096,238.71879520141667,232.41853511651288,10.333578552354838,36.5253602135597,2914.2857142857138
2025-09-22,42.36363497647373,2.1837289564878626,-33.608245849609375,242.73666557036339,237.69974867421962,1.7403951801063133,36.5253602135597,2914.2857142857138
2025-09-29,44.20454718849876,2.7926547633694287,-33.52576973512,241.07053455474272,244.9399720837294,18.45540543694657,36.5253602135597,2914.2857142857138
2025-10-06,40.204542333429515,3.002625312705054,-32.49484190006846,245.11910641654958,256.45934585649684,21.718645319068553,36.5253602135597,2821.428571428571
2025-10-13,35.204549269242726,4.220468916605147,-21.525770364348418,240.73824339708517,270.91272716132346,13.052942239250198,36.5253602135597,2821.428571428571
2025-10-20,30.727273767644704,3.506557835055779,-24.824744155726485,244.8554185947292,291.47784539993154,23.168970313514393,36.5253602135597,2821.428571428571
2025-10-27,39.340912212025046,3.7060354638287496,-34.886598095451426,252.02531723105034,261.2801371084289,24.80058160995653,36.5253602135597,2821.428571428571
2025-11-03,38.7499982660467,4.850396584338101,-29.19587597404558,250.83793449456476,261.1357068848894,54.677300700473474,36.869784166603516,2671.428571428571
2025-11-10,36.65909333662554,4.587929392737045,-27.422678839300097,249.837435845318,271.2015876084026,57.2878891483235,36.869784166603516,2671.428571428571
2025-11-17,36.15909056230024,4.556426601459984,-7.7113436669418505,241.64401244010486,267.27455341350577,58.1218355292106,36.869784166603516,2671.428571428571
2025-11-24,33.727273074063376,5.133857626927485,-15.381441411283825,243.3188438787836,269.4050810433624,64.93835954525846,36.869784166603516,2671.428571428571
2025-12-01,34.818181124600486,4.367457912975725,-28.907217438687983,248.8236115481116,282.7119248495583,78.42640274068997,37.27736654624461,2557.142857142857
2025-12-08,33.81818424571645,4.0314922182578705,-31.298969701393364,250.55834589956936,278.0085203472937,78.10008566817285,37.27736654624461,2557.142857142857
2025-12-15,29.136362942782323,3.0446210245447913,-31.958762886597935,249.02227120793748,288.7966403497888,45.467738714666204,37.27736654624461,2557.142857142857
2025-12-22,31.840905276211817,3.19160201105233,-41.93814464451112,252.19582552201604,301.24585118507497,43.763599066035376,37.27736654624461,2557.142857142857
2025-12-29,32.00000416148794,2.9291348194512734,-41.443299755607676,253.59109336691498,290.45773118258006,69.94198596286792,37.27736654624461,2557.142857142857
2026-01-05,32.54545385187322,3.1706001502009418,-38.55670260399887,253.40213417877445,300.55069946060723,27.737495774942534,37.511894837009166,2500.0
2026-01-12,35.22727272727273,3.790026887508202,-37.64948500800378,257.2535964561277,315.663086363455,23.604062625076814,37.511894837009166,2500.0
2026-01-19,35.09090596979314,4.346456052124337,-34.59793956009383,255.3457786884888,314.2276884177452,12.509066044023598,37.511894837009166,2500.0
2026-01-26,37.79545697298916,1.8792660530470906,-33.40206342874114,255.8690791339729,358.58088103538375,146.55549110511942,37.511894837009166,2500.0
2026-02-02,41.227271340110086,2.4776909295029625,-32.61855607180253,257.2110943894647,317.30614821366504,17.36766169111221,37.87905582362798,2500.0
2026-02-09,46.272728659889914,1.648293642860077,-28.412368617106953,256.61611545861416,355.9808725278199,13.778104736473118,37.87905582362798,2500.0
2026-02-16,42.93181679465554,1.7112832056881633,-15.051544818681538,250.02892015624255,353.37187156928627,17.58521216920286,37.87905582362798,2500.0
2026-02-23,50.7045399058949,2.57217527374507,-13.360823798425415,250.1098240901964,369.86552538945807,8.230602123637066,37.87905582362798,2500.0
2026-03-02,61.88637126575818,3.2860863552944597,-11.587626663679929,252.35608331455114,377.9633597295565,7.324153324417848,39.07190797396189,2500.0
2026-03-09,115.38635600696914,4.125984572363017,5.154639175257736,247.97162012002835,359.64613383015154,13.125453302201183,39.07190797396189,2500.0
2026-03-16,112.5,4.682413736979174,-3.0515454479099535,243.0249295872012,350.8441112339737,9.608416055131919,39.07190797396189,2500.0
2026-03-23,100.29544830322266,3.8845112317503316,7.835049973320718,236.96358485431355,297.58962641435494,4.822340115613133,39.07190797396189,2500.0
2026-03-30,133.8181755759499,5.522311954047732,26.226806640625,224.8142690938347,308.59440277231977,4.6773093450923175,39.07190797396189,2500.0
2026-04-06,155.4772810502486,4.965882789431597,-0.32989659260228565,238.5421616126084,320.4026369921662,1.9216901267214759,39.96202073280617,2500.0
2026-04-13,125.18182234330615,3.2755934347317828,-21.154635714501445,252.59264481735423,328.13037026196463,-4.74981176342445,39.96202073280617,2500.0
2026-04-20,103.65909229625356,2.9396357498769676,-22.185563549553,264.005674775936,333.926181234474,-2.501813208804715,39.96202073280617,2500.0
2026-04-27,119.02273351495919,3.3910796398253007,-25.690719761799297,267.3220610352178,322.08180088818085,-7.541695157889638,39.96202073280617,2500.0
2026-05-04,141.86363220214844,3.3805787093996065,-24.57731581225837,268.69632785894214,308.0076012659079,3.9521468478693977,40.62392104354562,2492.8571428571427
2026-05-11,122.88636294278233,2.824149544783472,-24.20618902776659,279.5558559034933,325.9908281408174,5.5112470813605485,40.62392104354562,2492.8571428571427
2026-05-18,146.95455377752128,3.905513092601698,-26.515465175982598,279.05458152902685,310.98674737538346,9.644671586607402,40.62392104354562,2492.8571428571427
2026-05-25,119.54545107754795,4.272965558870578,-31.13401747241462,282.66028185620524,308.1430169981568,5.402471842315237,40.62392104354562,2492.8571428571427
