Date,WTI,DXY,VIX,SP500,GOLD,NATGAS
2015-09-14,44.0,95.25,24.25,1953.030029296875,1107.699951171875,2.757999897003174
2015-09-21,46.68000030517578,95.88999938964844,20.139999389648438,1966.969970703125,1133.0999755859375,2.572999954223633
2015-09-28,44.43000030517578,96.02999877929688,27.6299991607666,1881.77001953125,1131.9999999999998,2.562999963760376
2015-10-05,46.25999832153321,96.11000061035155,19.540000915527344,1987.0500488281252,1138.0999755859373,2.450000047683716
2015-10-12,47.099998474121094,94.83999633789062,16.170000076293945,2017.4599609375,1164.9000244140625,2.5350000858306885
2015-10-19,45.88999938964844,94.95999908447266,14.979999542236328,2033.6600341796875,1173.3000488281248,2.441999912261963
2015-10-26,43.97999954223633,96.86000061035158,15.289999961853027,2071.179931640625,1167.0,2.062000036239624
2015-11-02,46.13999938964844,96.93000030517578,14.149999618530272,2104.050048828125,1135.800048828125,2.25600004196167
2015-11-09,43.869998931884766,98.9800033569336,16.520000457763672,2078.580078125,1087.9000244140625,2.299999952316284
2015-11-16,41.7400016784668,99.44000244140625,18.15999984741211,2053.18994140625,1083.699951171875,2.384999990463257
2015-11-23,41.75,99.80000305175781,15.619999885559082,2086.590087890625,1066.800048828125,2.2100000381469727
2015-11-30,41.650001525878906,100.16999816894531,16.129999160766605,2080.409912109375,1065.800048828125,2.234999895095825
2015-12-07,37.650001525878906,98.66000366210938,15.84000015258789,2077.070068359375,1076.4000244140625,2.066999912261963
2015-12-14,36.310001373291016,97.5999984741211,22.729999542236328,2021.93994140625,1064.699951171875,1.8940000534057617
2015-12-21,34.7400016784668,98.45999908447266,18.700000762939453,2021.1500244140627,1081.9000244140625,1.9110000133514404
2015-12-28,36.810001373291016,97.91999816894531,16.90999984741211,2056.5,1070.5,2.2279999256134033
2016-01-04,36.7599983215332,98.87000274658203,20.700000762939453,2012.6600341796875,1075.0999755859375,2.3340001106262207
2016-01-11,31.40999984741211,98.73000335693358,24.299999237060547,1923.6700439453125,1096.5,2.3959999084472656
2016-01-18,29.420000076293945,99.12000274658202,27.020000457763672,1880.3299560546875,1091.5,2.0999999046325684
2016-01-25,30.340000152587887,99.36000061035155,24.149999618530273,1877.0799560546875,1106.199951171875,2.1579999923706055
2016-02-01,31.6200008392334,99.0,19.979999542236328,1939.3800048828125,1127.9000244140625,2.1519999504089355
2016-02-08,29.690000534057617,96.56999969482422,26.0,1853.43994140625,1197.9000244140625,2.140000104904175
2016-02-15,29.44000053405762,95.9800033569336,25.39999961853027,1864.780029296875,1239.0999755859375,1.965999960899353
2016-02-22,31.479999542236325,97.37999725341797,19.3799991607666,1945.5,1209.5,1.8209999799728394
2016-02-29,33.75,98.20999908447267,20.549999237060547,1932.22998046875,1233.9000244140625,1.7109999656677246
2016-03-07,37.900001525878906,97.0699996948242,17.350000381469727,2001.760009765625,1263.199951171875,1.690000057220459
2016-03-14,37.18000030517578,96.62000274658205,16.92000007629395,2019.6400146484373,1244.4000244140625,1.819000005722046
2016-03-21,39.90999984741211,95.29000091552734,13.789999961853026,2051.60009765625,1243.800048828125,1.8279999494552615
2016-03-28,39.38999938964844,95.94000244140625,15.239999771118166,2037.0500488281248,1219.9000244140625,1.8480000495910645
2016-04-04,35.70000076293945,94.51000213623047,14.119999885559082,2066.1298828125,1218.0,1.9980000257492065
2016-04-11,40.36000061035156,93.94999694824219,16.260000228881836,2041.9899902343752,1256.699951171875,1.9119999408721922
2016-04-18,39.779998779296875,94.48999786376953,13.350000381469728,2094.340087890625,1233.5999755859373,1.9400000572204588
2016-04-25,42.63999938964844,94.83999633789062,14.079999923706053,2087.7900390625,1238.9000244140625,2.0629999637603755
2016-05-02,44.77999877929687,92.62999725341797,14.680000305175778,2081.429931640625,1294.699951171875,2.0420000553131104
2016-05-09,43.439998626708984,94.1500015258789,14.56999969482422,2058.68994140625,1265.5999755859375,2.0980000495910645
2016-05-16,47.72000122070312,94.56999969482422,14.680000305175778,2066.659912109375,1273.4000244140625,2.0290000438690186
2016-05-23,48.080001831054695,95.2300033569336,15.819999694824219,2048.0400390625,1251.0999755859375,2.055000066757202
2016-05-30,49.33000183105469,95.5199966430664,13.119999885559082,2099.06005859375,1213.8000488281248,2.1689999103546143
2016-06-06,49.689998626708984,93.9000015258789,13.649999618530275,2109.409912109375,1244.5999755859375,2.4660000801086426
2016-06-13,48.88000106811524,94.37000274658203,20.969999313354492,2079.06005859375,1284.4000244140625,2.5850000381469727
2016-06-20,49.369998931884766,93.61000061035156,18.3700008392334,2083.25,1290.0,2.746999979019165
2016-06-27,46.33000183105469,96.54000091552734,23.850000381469727,2000.5400390625,1322.5,2.7160000801086426
2016-07-04,48.9900016784668,95.6500015258789,14.770000457763672,2102.949951171875,1336.6999511718748,2.986999988555908
2016-07-11,44.7599983215332,96.56999969482422,13.539999961853026,2137.159912109375,1355.0,2.7019999027252197
2016-07-18,45.2400016784668,96.55999755859375,12.4399995803833,2166.889892578125,1328.4000244140627,2.7219998836517334
2016-07-25,43.130001068115234,97.29000091552734,12.86999988555908,2168.47998046875,1319.300048828125,2.746999979019165
2016-08-01,40.060001373291016,95.70999908447266,12.4399995803833,2170.840087890625,1351.4000244140625,2.770999908447265
2016-08-08,43.02000045776367,96.4000015258789,11.5,2180.889892578125,1333.4000244140625,2.747999906539917
2016-08-15,45.7400016784668,95.62999725341797,11.8100004196167,2190.14990234375,1340.300048828125,2.5899999141693115
2016-08-22,47.04999923706054,94.5199966430664,12.270000457763675,2182.639892578125,1337.699951171875,2.678999900817871
2016-08-29,46.97999954223633,95.58000183105469,12.939999580383299,2180.3798828125,1322.9000244140625,2.8529999256134033
2016-09-05,44.439998626708984,95.87999725341797,11.979999542236328,2179.97998046875,1322.0999755859375,2.7920000553131104
2016-09-12,46.29000091552735,95.0999984741211,15.15999984741211,2159.0400390625,1321.0,2.9149999618530273
2016-09-19,43.29999923706055,95.83999633789062,15.529999732971191,2139.1201171875,1313.5,2.934000015258789
2016-09-26,45.930000305175774,95.30999755859375,14.5,2146.10009765625,1339.699951171875,2.996999979019165
2016-10-03,48.810001373291016,95.74999999999999,13.569999694824219,2161.199951171875,1309.0,2.9230000972747803
2016-10-10,49.810001373291016,96.51999664306642,13.380000114440918,2163.659912109375,1248.9000244140627,3.193000078201294
2016-10-17,49.939998626708984,97.88999938964844,16.209999084472656,2126.5,1254.4000244140625,3.24399995803833
2016-10-24,50.52000045776367,98.66999816894531,13.020000457763672,2151.330078125,1262.0,2.8310000896453853
2016-10-31,46.86000061035156,98.44999694824217,17.059999465942383,2126.14990234375,1271.5,3.0260000228881836
2016-11-07,44.88999938964844,97.77999877929688,18.709999084472656,2131.52001953125,1278.300048828125,2.815999984741211
2016-11-14,43.31999969482422,100.11000061035155,14.479999542236326,2164.199951171875,1221.199951171875,2.749000072479248
2016-11-21,47.4900016784668,101.05000305175781,12.420000076293947,2198.179931640625,1209.5999755859375,2.950000047683716
2016-11-28,47.08000183105468,101.33000183105469,13.149999618530272,2201.719970703125,1190.5999755859375,3.232000112533569
2016-12-05,51.79000091552734,100.13999938964842,12.140000343322754,2204.7099609375,1174.0,3.6540000438690186
2016-12-12,52.83000183105469,100.95999908447266,12.640000343322754,2256.9599609375,1163.5,3.506999969482422
2016-12-19,52.119998931884766,103.13999938964845,11.710000038146973,2262.530029296875,1140.5,3.391999959945679
2016-12-26,53.02000045776367,103.01000213623047,11.4399995803833,2263.7900390625,1131.9000244140625,3.661999940872193
2017-01-02,53.720001220703125,102.38999938964845,14.039999961853027,2238.830078125,1150.0,3.7239999771118164
2017-01-09,51.959999084472656,101.93000030517578,11.560000419616697,2268.89990234375,1183.5,3.1029999256134038
2017-01-16,52.369998931884766,101.18000030517578,11.229999542236328,2274.639892578125,1195.300048828125,3.4189999103546147
2017-01-23,52.75000000000001,100.16000366210938,11.770000457763672,2265.199951171875,1215.0,3.243000030517578
2017-01-30,52.630001068115234,100.43000030517578,11.880000114440918,2280.89990234375,1193.199951171875,3.232000112533569
2017-02-06,53.0099983215332,99.91000366210938,11.369999885559084,2292.56005859375,1230.0,3.049999952316284
2017-02-13,52.93000030517578,100.95999908447266,11.069999694824219,2328.25,1224.4000244140625,2.944000005722046
2017-02-20,53.400001525878906,100.94999694824217,11.48999977111816,2351.159912109375,1237.5999755859375,2.8340001106262207
2017-02-27,54.04999923706055,101.12999725341795,12.09000015258789,2369.75,1257.4000244140625,2.693000078201294
2017-03-06,53.20000076293945,101.63999938964842,11.239999771118164,2375.31005859375,1224.5,2.9010000228881836
2017-03-13,48.4000015258789,101.37999725341797,11.350000381469727,2373.469970703125,1202.4000244140625,3.0429999828338623
2017-03-20,48.220001220703125,100.41000366210939,11.34000015258789,2373.469970703125,1233.5999755859373,3.0409998893737793
2017-03-27,47.729999542236335,99.16999816894533,12.499999999999998,2341.590087890625,1255.4000244140623,3.0520000457763676
2017-04-03,50.2400016784668,100.54000091552734,12.380000114440918,2358.8400878906245,1250.800048828125,3.128000020980835
2017-04-10,53.08000183105469,101.0199966430664,14.050000190734863,2357.159912109375,1251.0999755859375,3.23799991607666
2017-04-17,52.650001525878906,100.30000305175781,14.659999847412111,2349.010009765625,1289.4000244140627,3.163000106811524
2017-04-24,49.22999954223633,99.08999633789062,10.840000152587892,2374.14990234375,1275.800048828125,3.065999984741211
2017-05-01,48.84000015258788,99.13999938964845,10.109999656677246,2388.3300781250005,1253.300048828125,3.2149999141693115
2017-05-08,46.43000030517578,99.15000152587889,9.770000457763674,2399.3798828125,1225.300048828125,3.1719999313354488
2017-05-15,48.8499984741211,98.91000366210936,10.420000076293945,2402.320068359375,1228.5999755859375,3.3489999771118164
2017-05-22,50.72999954223633,96.98000335693361,10.930000305175781,2394.02001953125,1260.6999511718752,3.3299999237060542
2017-05-29,49.799999237060554,97.40000152587892,9.8100004196167,2415.820068359375,1267.5999755859375,3.236000061035156
2017-06-05,47.4000015258789,96.80000305175783,10.069999694824217,2436.10009765625,1279.300048828125,2.9820001125335693
2017-06-12,46.08000183105469,97.13999938964844,11.460000038146974,2429.389892578125,1266.0999755859375,3.0239999294281
2017-06-19,44.20000076293945,97.52999877929688,10.369999885559082,2453.4599609375,1244.199951171875,2.894000053405762
2017-06-26,43.380001068115234,97.4300003051758,9.899999618530273,2439.070068359375,1246.300048828125,3.0269999504089355
2017-07-03,47.06999969482422,96.19999694824219,11.220000267028809,2429.010009765625,1217.9000244140625,2.9509999752044673
2017-07-10,44.400001525878906,96.05000305175783,11.109999656677244,2427.429931640625,1212.0999755859375,2.9289999008178706
2017-07-17,46.02000045776367,95.12999725341797,9.819999694824219,2459.139892578125,1232.800048828125,3.019999980926514
2017-07-24,46.34000015258789,93.9800033569336,9.430000305175781,2469.909912109375,1253.9000244140625,2.8989999294281006
2017-07-31,50.16999816894531,92.86000061035156,10.260000228881834,2470.300048828125,1266.5999755859375,2.7939999103546143
2017-08-07,49.38999938964844,93.43000030517578,9.930000305175781,2480.909912109375,1258.199951171875,2.8010001182556152
2017-08-14,47.59000015258789,93.45999908447266,12.329999923706056,2465.840087890625,1284.199951171875,2.9590001106262207
2017-08-21,47.36999893188476,93.0999984741211,13.189999580383297,2428.3701171875,1290.800048828125,2.9619998931884766
2017-08-28,46.56999969482421,92.20999908447266,11.319999694824219,2444.239990234375,1309.699951171875,2.9249999523162846
2017-09-04,47.290000915527344,92.80999755859375,10.130000114440918,2476.550048828125,1324.4999999999998,3.069999933242798
2017-09-11,48.06999969482422,91.86000061035156,10.729999542236326,2488.110107421875,1331.0,2.950000047683716
2017-09-18,49.90999984741211,92.05000305175781,10.149999618530275,2503.8701171875,1306.300048828125,3.1459999084472656
2017-09-25,52.220001220703125,92.6500015258789,10.210000038146973,2496.659912109375,1306.800048828125,2.9189999103546147
2017-10-02,50.58000183105469,93.55999755859375,9.449999809265137,2529.1201171875,1272.699951171875,2.9159998893737793
2017-10-09,49.58000183105469,93.73999786376953,10.329999923706055,2544.72998046875,1281.8000488281248,2.8329999446868896
2017-10-16,51.869998931884766,93.27999877929688,9.90999984741211,2557.6398925781245,1299.9000244140625,2.946000099182129
2017-10-23,51.900001525878906,93.94000244140625,11.069999694824219,2564.97998046875,1277.699951171875,2.990999937057495
2017-10-30,54.150001525878906,94.48999786376953,10.5,2572.830078125,1274.0999755859377,2.9660000801086426
2017-11-06,57.349998474121094,94.72000122070312,9.399999618530275,2591.1298828125,1279.4000244140625,3.134000062942505
2017-11-13,56.7599983215332,94.48999786376953,11.5,2584.840087890625,1277.300048828125,3.1670000553131104
2017-11-20,56.09000015258789,94.08000183105469,10.649999618530273,2582.139892578125,1274.5999755859375,3.046999931335449
2017-11-27,58.11000061035156,92.9000015258789,9.869999885559084,2601.419921875,1293.800048828125,2.927999973297119
2017-12-04,57.470001220703125,93.19000244140625,11.680000305175781,2639.43994140625,1274.300048828125,2.984999895095825
2017-12-11,57.9900016784668,93.87000274658203,9.34000015258789,2659.9899902343745,1243.699951171875,2.828000068664551
2017-12-18,57.15999984741211,93.69999694824219,9.529999732971191,2690.159912109375,1262.1999511718752,2.744999885559082
2017-12-25,58.470001220703125,93.3499984741211,9.899999618530273,2683.340087890625,1275.4000244140625,2.6670000553131104
2018-01-01,60.41999816894531,92.12000274658203,11.039999961853027,2673.610107421875,1306.300048828125,2.953000068664551
2018-01-08,61.72999954223633,92.33000183105469,9.520000457763672,2747.7099609375,1318.5999755859375,2.8350000381469727
2018-01-15,64.30000305175781,90.97000122070312,10.159999847412108,2786.239990234375,1333.4000244140625,3.2000000476837154
2018-01-22,63.4900016784668,90.4000015258789,11.029999732971191,2832.969970703125,1330.9000244140625,3.2239999771118164
2018-01-29,65.55999755859375,89.30999755859375,13.84000015258789,2853.530029296875,1351.5999755859373,3.6310000419616704
2018-02-05,64.1500015258789,89.55000305175781,37.31999969482421,2648.93994140625,1333.0,2.746999979019165
2018-02-12,59.290000915527344,90.20999908447266,25.610000610351562,2656.0,1324.199951171875,2.552000045776367
2018-02-19,61.68000030517578,89.0999984741211,19.459999084472656,2732.219970703125,1353.199951171875,2.558000087738037
2018-02-26,63.9099998474121,89.81999969482422,15.800000190734863,2779.60009765625,1330.699951171875,2.6389999389648438
2018-03-05,62.56999969482422,90.08000183105469,18.729999542236328,2720.9399414062495,1318.0999755859375,2.7039999961853027
2018-03-12,61.36000061035156,89.9000015258789,15.77999973297119,2783.02001953125,1319.4000244140625,2.7780001163482666
2018-03-19,62.060001373291016,89.9000015258789,19.020000457763672,2712.919921875,1316.800048828125,2.6510000228881836
2018-03-26,65.55000305175781,89.02999877929688,21.030000686645508,2658.550048828125,1354.4000244140627,2.618000030517578
2018-04-02,63.0099983215332,90.05000305175781,23.6200008392334,2581.8798828125,1342.0999755859375,2.683000087738037
2018-04-09,63.41999816894531,89.83999633789062,21.770000457763672,2613.159912109375,1336.300048828125,2.693000078201294
2018-04-16,66.22000122070312,89.43000030517578,16.559999465942383,2677.840087890625,1347.5,2.752000093460083
2018-04-23,68.63999938964844,90.94000244140625,16.340000152587887,2670.2900390625,1322.5,2.740000009536743
2018-04-30,68.56999969482422,91.83999633789062,15.930000305175785,2648.050048828125,1316.199951171875,2.763000011444092
2018-05-07,70.7300033569336,92.75,14.749999999999998,2672.6298828125,1312.1999511718748,2.740999937057495
2018-05-14,70.95999908447266,92.58999633789062,12.930000305175781,2730.1298828125,1316.5000000000002,2.8420000076293945
2018-05-21,72.23999786376953,93.68000030517578,13.079999923706055,2733.010009765625,1290.199951171875,2.809999942779541
2018-05-28,67.87999725341797,94.19000244140625,13.220000267028809,2721.3300781249995,1303.300048828125,2.9389998912811275
2018-06-04,64.75,94.0199966430664,12.739999771118164,2746.8701171875,1293.0999755859375,2.930000066757202
2018-06-11,66.0999984741211,93.58000183105469,12.350000381469727,2782.0,1298.9000244140625,2.9489998817443848
2018-06-18,65.84999847412111,94.75,12.310000419616697,2773.75,1276.199951171875,2.9509999752044673
2018-06-25,68.08000183105469,94.27999877929688,17.329999923706055,2717.0700683593755,1265.5999755859375,2.9230000972747803
2018-07-02,73.94000244140625,94.87000274658203,15.600000381469728,2726.7099609375,1239.800048828125,2.8619999885559086
2018-07-09,73.8499984741211,94.08000183105469,12.689999580383299,2784.169921875,1258.0999755859375,2.828000068664551
2018-07-16,68.05999755859375,94.51000213623047,12.829999923706055,2798.429931640625,1238.0999755859375,2.759000062942505
2018-07-23,67.88999938964844,94.66999816894531,12.619999885559082,2806.97998046875,1224.0,2.7209999561309814
2018-07-30,70.12999725341797,94.36000061035156,14.260000228881836,2802.60009765625,1221.300048828125,2.796999931335449
2018-08-06,69.01000213623047,95.36000061035155,11.270000457763674,2850.39990234375,1208.5999755859375,2.8599998950958248
2018-08-13,67.19999694824219,96.38999938964844,14.779999732971188,2821.9299316406245,1191.300048828125,2.930000066757202
2018-08-20,66.43000030517578,95.90000152587889,12.489999771118162,2857.050048828125,1186.800048828125,2.9409999847412114
2018-08-27,68.87000274658203,94.77999877929688,12.15999984741211,2896.739990234375,1209.0,2.875999927520752
2018-09-03,69.80000305175781,95.13999938964844,12.859999656677246,2901.52001953125,1200.300048828125,2.9159998893737793
2018-09-10,67.54000091552734,95.1500015258789,14.159999847412113,2877.1298828125,1193.0,2.803999900817871
2018-09-17,68.91000366210938,94.51000213623047,13.680000305175781,2888.800048828125,1199.699951171875,2.813999891281128
2018-09-24,72.08000183105469,94.26000213623047,12.199999809265135,2919.3701171875,1199.300048828125,3.0380001068115234
2018-10-01,75.30000305175781,95.3000030517578,12.0,2924.590087890625,1187.0999755859375,3.094000101089477
2018-10-08,74.29000091552734,95.76999664306642,15.689999580383299,2884.429931640625,1184.4000244140625,3.2669999599456783
2018-10-15,71.77999877929688,95.06999969482422,21.299999237060547,2750.7900390624995,1226.4000244140625,3.2420001029968266
2018-10-22,69.16999816894531,96.01000213623047,19.639999389648438,2755.8798828125,1221.199951171875,3.138000011444092
2018-10-29,67.04000091552734,96.58000183105469,24.700000762939453,2641.25,1224.5,3.184999942779541
2018-11-05,63.0999984741211,96.34999847412108,19.959999084472656,2738.31005859375,1229.800048828125,3.5669999122619624
2018-11-12,59.930000305175774,97.54000091552734,20.450000762939453,2726.219970703125,1201.300048828125,3.7880001068115234
2018-11-19,56.7599983215332,96.19000244140625,20.100000381469727,2690.72998046875,1223.0999755859375,4.699999809265137
2018-11-26,51.63000106811523,97.0699996948242,18.899999618530273,2673.4499511718755,1220.1999511718752,4.248000144958496
2018-12-03,52.95000076293945,97.04000091552736,16.440000534057617,2790.3701171875,1233.9000244140625,4.339000225067139
2018-12-10,51.0,97.22000122070314,22.639999389648438,2637.719970703125,1243.699951171875,4.545000076293945
2018-12-17,49.880001068115234,97.09999847412108,24.520000457763672,2545.93994140625,1247.4000244140627,3.5280001163482666
2018-12-24,42.529998779296875,96.55000305175781,36.06999969482422,2351.10009765625,1267.5,3.467000007629395
2018-12-31,45.40999984741211,96.16999816894531,25.420000076293945,2506.85009765625,1278.300048828125,2.940000057220459
2019-01-07,48.520000457763665,95.70999908447266,21.399999618530273,2549.68994140625,1286.8000488281252,2.944000005722046
2019-01-14,50.5099983215332,95.58999633789064,19.06999969482422,2582.610107421875,1289.0999755859375,3.5910000801086426
2019-01-21,53.79999923706055,96.33999633789064,17.799999237060547,2670.7099609375,1281.300048828125,3.4820001125335693
2019-01-28,51.9900016784668,95.74999999999999,18.8700008392334,2643.85009765625,1302.4000244140627,2.9110000133514404
2019-02-04,54.560001373291016,95.8499984741211,15.729999542236328,2724.8701171875,1314.300048828125,2.6600000858306885
2019-02-11,52.40999984741211,97.05999755859375,15.97000026702881,2709.800048828125,1307.0,2.6419999599456787
2019-02-18,55.59000015258789,96.9199981689453,14.90999984741211,2775.60009765625,1318.0999755859375,2.625
2019-02-25,55.47999954223633,96.41000366210939,14.850000381469725,2796.1101074218745,1325.9000244140625,2.8359999656677246
2019-03-04,56.59000015258789,96.68000030517577,14.630000114440916,2792.81005859375,1284.800048828125,2.857000112533569
2019-03-11,56.790000915527344,97.22000122070314,14.329999923706055,2783.300048828125,1288.800048828125,2.7720000743865967
2019-03-18,59.09000015258789,96.51999664306642,13.100000381469727,2832.93994140625,1300.300048828125,2.849999904632568
2019-03-25,58.81999969482422,96.56999969482422,16.329999923706055,2798.360107421875,1321.9000244140625,2.755000114440918
2019-04-01,61.59000015258789,97.25000000000001,13.399999618530273,2867.18994140625,1288.4000244140625,2.7079999446868896
2019-04-08,64.4000015258789,97.05000305175781,13.180000305175781,2895.77001953125,1297.0999755859375,2.7079999446868896
2019-04-15,63.400001525878906,96.94000244140625,12.319999694824217,2905.5800781250005,1286.8000488281252,2.5899999141693115
2019-04-22,65.69999694824219,97.27999877929686,12.420000076293947,2907.969970703125,1273.5,2.5239999294281006
2019-04-29,63.5,97.86000061035156,13.109999656677246,2943.0300292968745,1278.5999755859375,2.5929999351501465
2019-05-06,62.25,97.51999664306639,15.4399995803833,2932.469970703125,1281.6999511718748,2.5239999294281006
2019-05-13,61.040000915527344,97.31999969482422,20.549999237060547,2811.8701171875,1300.0999755859375,2.621000051498413
2019-05-20,63.0999984741211,97.93000030517578,16.309999465942383,2840.22998046875,1276.0999755859375,2.6730000972747803
2019-05-27,58.630001068115234,97.61000061035158,15.850000381469727,2826.06005859375,1283.0,2.5980000495910645
2019-06-03,53.25,97.13999938964844,18.860000610351562,2744.449951171875,1322.699951171875,2.4030001163482666
2019-06-10,53.2599983215332,96.76000213623047,15.9399995803833,2886.72998046875,1324.699951171875,2.3570001125335693
2019-06-17,51.93000030517578,97.55999755859375,15.350000381469723,2889.669921875,1338.699951171875,2.385999917984009
2019-06-24,57.900001525878906,95.9800033569336,15.26000022888184,2945.35009765625,1414.300048828125,2.302999973297119
2019-07-01,59.09000015258789,96.83999633789062,14.0600004196167,2964.330078125,1385.5999755859375,2.2669999599456787
2019-07-08,57.65999984741211,97.37999725341797,13.960000038146973,2975.9499511718745,1397.0,2.4030001163482666
2019-07-15,59.580001831054695,96.93000030517578,12.680000305175783,3014.300048828125,1411.4000244140625,2.4079999923706055
2019-07-22,56.220001220703125,97.26000213623047,13.52999973297119,2985.030029296875,1425.300048828125,2.312000036239624
2019-07-29,56.869998931884766,98.04000091552734,12.829999923706055,3020.9699707031255,1419.5999755859373,2.1410000324249268
2019-08-05,54.689998626708984,97.5,24.59000015258789,2844.7399902343755,1464.5999755859375,2.069999933242798
2019-08-12,54.93000030517578,97.37999725341797,21.09000015258789,2882.699951171875,1505.300048828125,2.1050000190734863
2019-08-19,56.209999084472656,98.3499984741211,16.8799991607666,2923.64990234375,1500.4000244140625,2.2100000381469727
2019-08-26,53.63999938964844,98.08000183105469,19.31999969482422,2878.3798828125,1526.3000488281252,2.2300000190734863
2019-09-02,55.099998474121094,98.91999816894531,18.979999542236328,2926.4599609375,1519.0999755859375,2.2850000858306885
2019-09-09,57.849998474121094,98.27999877929688,15.270000457763672,2978.429931640625,1502.199951171875,2.5850000381469727
2019-09-16,62.900001525878906,98.6500015258789,14.670000076293945,2997.9599609375,1503.0999755859375,2.680999994277954
2019-09-23,58.63999938964844,98.59999847412111,14.90999984741211,2991.780029296875,1523.699951171875,2.5269999504089355
2019-09-30,54.06999969482422,99.37999725341798,16.239999771118164,2976.739990234375,1465.699951171875,2.3299999237060547
2019-10-07,52.75000000000001,98.98999786376955,17.860000610351562,2938.7900390625,1497.699951171875,2.302999973297119
2019-10-14,53.59000015258789,98.44999694824217,14.56999969482422,2966.1499023437505,1491.699951171875,2.2799999713897705
2019-10-21,53.310001373291016,97.33000183105469,13.999999999999998,3006.719970703125,1482.4000244140625,2.23799991607666
2019-10-28,55.81000137329102,97.76000213623048,13.109999656677246,3039.419921875,1490.0,2.446000099182129
2019-11-04,56.540000915527344,97.51000213623047,12.829999923706055,3078.2700195312495,1508.0,2.8210000991821294
2019-11-11,56.86000061035156,98.19999694824219,12.689999580383299,3087.010009765625,1455.5,2.63700008392334
2019-11-18,57.04999923706055,97.79000091552736,12.460000038146973,3122.0300292968745,1470.9000244140625,2.565999984741211
2019-11-25,58.0099983215332,98.31999969482422,11.869999885559082,3133.639892578125,1456.5999755859375,2.5309998989105225
2019-12-02,55.959999084472656,97.86000061035156,14.90999984741211,3113.8701171875,1462.300048828125,2.3289999961853027
2019-12-09,59.02000045776367,97.63999938964845,15.859999656677248,3135.9599609375,1459.300048828125,2.2320001125335693
2019-12-16,60.209999084472656,97.0699996948242,12.140000343322754,3191.449951171875,1475.0,2.3410000801086426
2019-12-23,60.52000045776368,97.66000366210938,12.609999656677248,3224.0100097656245,1482.5,2.2139999866485596
2019-12-30,61.68000030517578,96.73999786376952,14.819999694824219,3221.2900390624995,1514.5,2.186000108718872
2020-01-06,63.27000045776368,96.66999816894531,13.850000381469727,3246.280029296875,1566.199951171875,2.134999990463257
2020-01-13,58.080001831054695,97.3499984741211,12.319999694824217,3288.1298828124995,1548.4000244140627,2.181999921798706
2020-01-20,58.540000915527344,97.61000061035158,12.100000381469725,3329.6201171875,1558.800048828125,2.003000020980835
2020-01-27,53.13999938964844,97.95999908447266,18.229999542236328,3243.6298828125,1576.800048828125,1.9019999504089353
2020-02-03,50.11000061035156,97.8000030517578,17.969999313354492,3248.919921875,1577.199951171875,1.819000005722046
2020-02-10,49.56999969482422,98.83000183105469,15.03999996185303,3352.0900878906255,1574.6999511718752,1.7660000324249265
2020-02-17,52.04999923706055,99.12000274658202,13.680000305175781,3380.1599121093755,1582.6999511718752,1.837000012397766
2020-02-24,51.43000030517579,99.29000091552734,25.030000686645508,3225.889892578125,1672.4000244140625,1.8270000219345093
2020-03-02,46.75,97.36000061035156,33.41999816894531,3090.2299804687505,1592.300048828125,1.7560000419616697
2020-03-09,31.1299991607666,94.9000015258789,54.459999084472656,2746.56005859375,1674.5,1.777999997138977
2020-03-16,28.700000762939453,98.08999633789061,82.69000244140624,2386.1298828125,1485.9000244140625,1.815000057220459
2020-03-23,23.360000610351562,102.48999786376953,61.59000015258789,2237.39990234375,1567.0,1.6019999980926511
2020-03-30,20.09000015258789,99.18000030517577,57.080001831054695,2626.64990234375,1622.0,1.690000057220459
2020-04-06,26.07999992370605,100.69000244140625,45.2400016784668,2663.679931640625,1677.0,1.7309999465942383
2020-04-13,22.409999847412106,99.34999847412111,41.16999816894531,2761.6298828125,1744.800048828125,1.7239999771118162
2020-04-20,-37.630001068115234,99.95999908447264,43.83000183105469,2823.1599121093755,1701.5999755859375,1.924000024795532
2020-04-27,12.77999973297119,100.04000091552734,33.290000915527344,2878.47998046875,1711.9000244140627,1.819000005722046
2020-05-04,20.389999389648438,99.48000335693361,35.970001220703125,2842.739990234375,1706.9000244140623,1.9930000305175781
2020-05-11,24.13999938964844,100.23999786376953,27.56999969482422,2930.18994140625,1695.300048828125,1.8259999752044678
2020-05-18,31.819999694824215,99.66999816894531,29.29999923706055,2953.909912109375,1731.800048828125,1.7829999923706057
2020-05-25,33.25,99.86000061035156,28.159999847412113,2955.449951171875,1734.5999755859375,1.7309999465942383
2020-06-01,35.439998626708984,97.83000183105469,28.229999542236328,3055.72998046875,1737.8000488281248,1.77400004863739
2020-06-08,38.189998626708984,96.62000274658205,25.809999465942383,3232.389892578125,1698.300048828125,1.7890000343322756
2020-06-15,37.119998931884766,96.68000030517577,34.400001525878906,3066.5900878906245,1720.3000488281248,1.6690000295639038
2020-06-22,40.459999084472656,97.04000091552736,31.770000457763672,3117.860107421875,1756.699951171875,1.6640000343322754
2020-06-29,39.70000076293945,97.54000091552734,31.780000686645508,3053.239990234375,1774.800048828125,1.7089999914169312
2020-07-06,40.630001068115234,96.79000091552734,27.940000534057617,3179.719970703125,1788.5,1.8300000429153442
2020-07-13,40.099998474121094,96.45999908447266,32.189998626708984,3155.219970703125,1811.0,1.7389999628067017
2020-07-20,40.810001373291016,95.83000183105469,24.459999084472653,3251.8400878906255,1815.9000244140625,1.6410000324249268
2020-07-27,41.599998474121094,93.66999816894531,24.739999771118164,3239.4099121093755,1931.0,1.733999967575073
2020-08-03,41.0099983215332,93.5,24.280000686645508,3294.610107421875,1966.0,2.1010000705718994
2020-08-10,41.939998626708984,93.58000183105469,22.1299991607666,3360.4699707031245,2024.4000244140627,2.1530001163482666
2020-08-17,42.88999938964844,92.8499984741211,21.350000381469727,3381.989990234375,1985.0000000000002,2.3389999866485596
2020-08-24,42.619998931884766,93.30000305175781,22.3700008392334,3431.280029296875,1927.6999511718752,2.513000011444092
2020-08-31,42.61000061035156,92.13999938964844,26.409999847412106,3500.31005859375,1967.5999755859375,2.630000114440918
2020-09-07,39.77000045776367,92.72000122070312,30.75,3426.9599609375,1923.9000244140625,2.5880000591278076
2020-09-14,37.2599983215332,93.06999969482422,25.850000381469723,3383.5400390625,1953.0999755859375,2.309999942779541
2020-09-21,39.310001373291016,93.54000091552734,27.78000068664551,3281.06005859375,1901.1999511718748,1.8350000381469727
2020-09-28,40.599998474121094,94.26000213623047,26.19000053405762,3351.60009765625,1872.8000488281252,2.1010000705718994
2020-10-05,39.220001220703125,93.51000213623047,27.959999084472656,3408.6000976562505,1912.5,2.615000009536743
2020-10-12,39.43000030517578,93.06999969482422,25.069999694824222,3534.219970703125,1922.5000000000002,2.88100004196167
2020-10-19,40.83000183105469,93.43000030517578,29.18000030517578,3426.919921875,1906.4000244140625,2.7950000762939453
2020-10-26,38.560001373291016,93.05000305175781,32.459999084472656,3400.969970703125,1902.6999511718748,3.0239999294281
2020-11-02,36.810001373291016,94.05000305175781,37.130001068115234,3310.239990234375,1890.4000244140625,3.24399995803833
2020-11-09,40.290000915527344,92.7300033569336,25.75,3550.5,1853.199951171875,2.8589999675750732
2020-11-16,41.34000015258789,92.56999969482422,22.450000762939453,3626.909912109375,1887.3000488281252,2.697000026702881
2020-11-23,43.060001373291016,92.51000213623047,22.65999984741211,3577.5900878906245,1837.800048828125,2.7109999656677246
2020-11-30,45.34000015258789,91.87000274658203,20.56999969482422,3621.6298828125,1775.699951171875,2.8819999694824214
2020-12-07,45.7599983215332,90.79000091552734,21.299999237060547,3691.9599609374995,1861.800048828125,2.4059998989105225
2020-12-14,46.9900016784668,90.70999908447266,24.719999313354492,3647.489990234375,1828.6999511718748,2.681999921798706
2020-12-21,47.7400016784668,90.04000091552734,25.159999847412113,3694.9199218750005,1879.199951171875,2.7049999237060547
2020-12-28,47.619998931884766,90.33999633789062,21.700000762939453,3735.3601074218745,1877.1999511718752,2.305000066757202
2021-01-04,47.619998931884766,89.87999725341797,26.96999931335449,3700.64990234375,1944.699951171875,2.5810000896453857
2021-01-11,52.25,90.54000091552734,24.079999923706055,3799.610107421875,1849.5999755859373,2.746999979019165
2021-01-18,52.36000061035156,90.77999877929688,24.34000015258789,3768.25,1829.300048828125,2.736999988555908
2021-01-25,52.77000045776367,90.38999938964844,23.190000534057617,3855.360107421875,1854.9000244140627,2.6019999980926514
2021-02-01,53.54999923706054,91.0199966430664,30.239999771118168,3773.8601074218755,1860.8000488281248,2.849999904632568
2021-02-08,57.970001220703125,90.93000030517578,21.239999771118164,3915.5900878906245,1831.9000244140627,2.8819999694824214
2021-02-15,59.470001220703125,90.4800033569336,19.969999313354492,3934.8300781249995,1821.5999755859375,2.9119999408721924
2021-02-22,61.4900016784668,90.01000213623047,23.450000762939453,3876.5,1806.699951171875,2.953000068664551
2021-03-01,60.639999389648445,91.04000091552734,23.350000381469727,3901.8200683593745,1722.4999999999998,2.776999950408935
2021-03-08,65.05000305175781,92.30999755859375,25.469999313354496,3821.3500976562495,1677.699951171875,2.6640000343322754
2021-03-15,65.38999938964844,91.83000183105469,20.030000686645508,3968.9399414062505,1728.9000244140625,2.4839999675750732
2021-03-22,61.54999923706055,91.80000305175781,18.8799991607666,3940.590087890625,1737.8000488281248,2.5820000171661377
2021-03-29,61.560001373291016,92.94000244140625,20.739999771118164,3971.0900878906245,1712.0999755859375,2.5859999656677246
2021-04-05,58.650001525878906,92.5999984741211,17.90999984741211,4077.909912109375,1727.0,2.510999917984009
2021-04-12,59.70000076293945,92.13999938964844,16.90999984741211,4127.990234375,1731.199951171875,2.561000108718872
2021-04-19,63.380001068115234,91.06999969482422,17.290000915527344,4163.259765625001,1769.4000244140625,2.749000072479248
2021-04-26,61.90999984741211,90.80999755859375,17.639999389648438,4187.6201171875,1779.199951171875,2.7899999618530273
2021-05-03,64.48999786376953,90.94999694824219,18.309999465942383,4192.66015625,1791.4000244140627,2.9660000801086426
2021-05-10,64.91999816894531,90.20999908447266,19.65999984741211,4188.430175781249,1837.5,2.931999921798706
2021-05-17,66.2699966430664,90.22000122070312,19.719999313354492,4163.290039062501,1867.5,3.108999967575073
2021-05-24,66.05000305175781,89.83000183105469,18.399999618530273,4197.049804687501,1884.5999755859373,2.885999917984009
2021-05-31,66.31999969482422,90.02999877929688,16.760000228881836,4204.10986328125,1902.5000000000002,2.9860000610351562
2021-06-07,69.2300033569336,89.94999694824219,16.420000076293945,4226.52001953125,1896.800048828125,3.069999933242798
2021-06-14,70.87999725341797,90.5199966430664,16.389999389648438,4255.14990234375,1864.0,3.351999998092652
2021-06-21,73.66000366210938,91.86000061035156,17.889999389648438,4224.7900390625,1781.8000488281252,3.190999984741211
2021-06-28,72.91000366210938,91.87999725341797,15.760000228881838,4290.60986328125,1779.5999755859375,3.617000102996826
2021-07-05,75.16000366210938,92.2300033569336,15.069999694824219,4352.33984375,1782.5999755859375,3.7000000476837163
2021-07-12,74.0999984741211,92.2300033569336,16.170000076293945,4384.6298828125,1805.5000000000002,3.749000072479248
2021-07-19,66.41999816894531,92.88999938964844,22.5,4258.490234375001,1808.699951171875,3.779000043869018
2021-07-26,71.91000366210938,92.6500015258789,17.579999923706055,4422.2998046875,1798.699951171875,4.1020002365112305
2021-08-02,71.26000213623047,92.05000305175781,19.459999084472656,4387.16015625,1818.0999755859375,3.9349999427795415
2021-08-09,66.4800033569336,92.94999694824219,16.719999313354492,4432.350097656249,1723.4000244140627,4.059999942779541
2021-08-16,67.29000091552734,92.62999725341797,16.1200008392334,4479.7099609375,1786.9000244140625,3.946000099182129
2021-08-23,65.63999938964844,92.95999908447266,17.149999618530273,4479.52978515625,1803.199951171875,3.944999933242798
2021-08-30,69.20999908447266,92.6500015258789,16.190000534057617,4528.790039062499,1809.0,4.304999828338623
2021-09-06,69.29000091552734,92.04000091552734,16.40999984741211,4535.43017578125,1830.9000244140625,4.711999893188476
2021-09-13,70.44999694824219,92.62000274658203,19.3700008392334,4468.72998046875,1791.9999999999998,5.230999946594238
2021-09-20,70.29000091552734,93.23999786376953,25.709999084472656,4357.72998046875,1761.800048828125,4.985000133514404
2021-09-27,75.44999694824219,93.37999725341797,18.760000228881836,4443.10986328125,1749.9999999999998,5.705999851226807
2021-10-04,77.62000274658203,93.80999755859375,22.959999084472656,4300.459960937501,1766.199951171875,5.765999794006347
2021-10-11,80.5199966430664,94.31999969482422,20.0,4361.18994140625,1754.5999755859377,5.344999790191651
2021-10-18,82.44000244140625,93.94999694824219,16.309999465942383,4486.4599609375,1764.800048828125,4.988999843597412
2021-10-25,83.76000213623045,93.80999755859375,15.239999771118166,4566.479980468751,1806.0,5.89799976348877
2021-11-01,84.05000305175781,93.87999725341797,16.40999984741211,4613.669921875,1795.0999755859377,5.185999870300292
2021-11-08,81.93000030517578,94.05000305175781,17.219999313354492,4701.7001953125,1827.4000244140625,5.427000045776366
2021-11-15,80.87999725341797,95.41000366210938,16.489999771118164,4682.7998046875,1866.0999755859375,5.017000198364258
2021-11-22,76.75,96.49999999999999,19.17000007629395,4682.939941406251,1806.0,4.789000034332275
2021-11-29,69.94999694824219,96.33999633789064,22.959999084472656,4655.27001953125,1782.300048828125,4.854000091552734
2021-12-06,69.48999786376953,96.29000091552733,27.18000030517578,4591.669921875,1777.4999999999998,3.657000064849854
2021-12-13,71.29000091552734,96.3199996948242,20.309999465942383,4668.97021484375,1786.300048828125,3.7939999103546143
2021-12-20,68.2300033569336,96.55000305175781,22.8700008392334,4568.020019531249,1793.699951171875,3.8340001106262207
2021-12-27,75.56999969482422,96.08999633789062,17.68000030517578,4791.18994140625,1808.0999755859377,4.059999942779541
2022-01-03,76.08000183105469,96.23999786376953,16.600000381469727,4796.56005859375,1799.4000244140625,3.8150000572204594
2022-01-10,78.2300033569336,95.98999786376953,19.399999618530273,4670.2900390625,1798.4000244140625,4.078999996185303
2022-01-17,83.81999969482423,95.16999816894531,19.190000534057617,4662.85009765625,1816.4999999999998,4.262000083923341
2022-01-24,83.30999755859375,95.91999816894533,29.89999961853027,4410.129882812501,1841.699951171875,4.0269999504089355
2022-01-31,88.15000152587892,96.54000091552734,24.829999923706055,4515.5498046875,1795.0,4.874000072479248
2022-02-07,91.31999969482422,95.4000015258789,22.860000610351562,4483.8701171875,1820.5999755859373,4.23199987411499
2022-02-14,95.45999908447264,96.37000274658203,28.329999923706055,4401.669921875,1868.0,4.195000171661377
2022-02-21,91.06999969482422,96.04000091552734,27.75,4348.8701171875,1898.5999755859373,4.431000232696533
2022-02-28,95.72000122070312,96.70999908447264,30.14999961853027,4373.93994140625,1899.4000244140623,4.4019999504089355
2022-03-07,119.4000015258789,99.29000091552734,36.45000076293945,4201.08984375,1993.9000244140627,4.833000183105469
2022-03-14,103.01000213623047,99.05999755859375,31.770000457763672,4173.10986328125,1959.5999755859375,4.6579999923706055
2022-03-21,112.12000274658202,98.5,23.530000686645508,4461.18017578125,1928.5999755859375,4.900000095367432
2022-03-28,105.95999908447267,99.08999633789062,19.6299991607666,4575.520019531251,1939.5999755859375,5.507999897003174
2022-04-04,103.27999877929688,98.98999786376955,18.56999969482422,4582.64013671875,1929.1999511718752,5.711999893188476
2022-04-11,94.29000091552736,99.93000030517577,24.3700008392334,4412.52978515625,1944.300048828125,6.64300012588501
2022-04-18,108.20999908447266,100.77999877929688,22.170000076293945,4391.68994140625,1982.9000244140625,7.820000171661378
2022-04-25,98.54000091552736,101.75,27.020000457763672,4296.1201171875,1893.199951171875,6.6690001487731925
2022-05-02,105.16999816894531,103.73999786376955,32.34000015258789,4155.379882812501,1861.800048828125,7.4749999046325675
2022-05-09,103.08999633789062,103.6500015258789,34.75,3991.2399902343745,1857.0999755859375,7.026000022888184
2022-05-16,114.19999694824217,104.19000244140625,27.469999313354492,4008.010009765625,1813.5,7.955999851226806
2022-05-23,110.29000091552734,102.08000183105469,28.479999542236328,3973.7500000000005,1847.8000488281248,8.744000434875488
2022-05-30,115.06999969482422,101.6699981689453,25.719999313354492,4158.240234375,1851.300048828125,8.727000236511232
2022-06-06,118.5,102.44000244140625,25.069999694824222,4121.43017578125,1839.199951171875,9.321999549865723
2022-06-13,120.93000030517578,105.08000183105469,34.02000045776368,3749.6298828125,1828.0,8.609000205993652
2022-06-20,109.55999755859375,104.6999969482422,31.1299991607666,3674.840087890625,1835.5999755859377,6.943999767303466
2022-06-27,109.56999969482422,103.94000244140625,26.950000762939457,3900.1101074218745,1820.9000244140625,6.500999927520752
2022-07-04,108.43000030517578,105.13999938964844,26.70000076293945,3825.330078125,1798.9000244140625,5.730000019073486
2022-07-11,104.08999633789062,108.0199966430664,26.170000076293945,3854.429931640624,1730.0,6.426000118255615
2022-07-18,102.5999984741211,107.37000274658203,25.299999237060547,3830.85009765625,1709.1999511718752,7.479000091552735
2022-07-25,96.69999694824219,106.4800033569336,23.360000610351562,3966.8400878906255,1719.0,8.727000236511232
2022-08-01,93.88999938964844,105.44999694824219,22.84000015258789,4118.6298828125,1769.0000000000002,8.282999992370604
2022-08-08,90.76000213623045,106.44000244140625,21.290000915527344,4140.060058593751,1786.800048828125,7.589000225067139
2022-08-15,89.41000366210939,106.5500030517578,19.950000762939453,4297.14013671875,1781.4000244140627,8.727999687194824
2022-08-22,90.2300033569336,109.05000305175781,23.799999237060547,4137.990234375,1734.0000000000002,9.680000305175781
2022-08-29,97.01000213623045,108.83999633789062,26.20999908447266,4030.6101074218745,1736.5999755859373,9.352999687194824
2022-09-05,86.87000274658203,109.52999877929688,25.469999313354496,3924.260009765625,1709.800048828125,8.78600025177002
2022-09-12,87.77999877929688,108.33000183105469,23.8700008392334,4110.410156249999,1728.0999755859377,8.24899959564209
2022-09-19,85.7300033569336,109.73999786376953,25.760000228881832,3899.889892578125,1666.199951171875,7.751999855041504
2022-09-26,76.70999908447266,114.0999984741211,32.2599983215332,3655.0400390625005,1623.300048828125,6.9029998779296875
2022-10-03,83.62999725341797,111.75000000000001,30.100000381469727,3678.4299316406255,1692.9000244140623,6.469999790191651
2022-10-10,91.12999725341797,113.13999938964844,32.45000076293945,3612.389892578125,1667.3000488281252,6.434999942779542
2022-10-17,85.45999908447266,112.04000091552734,31.3700008392334,3677.949951171875,1657.0,5.999000072479248
2022-10-24,84.58000183105469,111.98999786376953,29.850000381469727,3797.340087890625,1648.699951171875,5.198999881744385
2022-10-31,86.52999877929688,111.52999877929686,25.8799991607666,3871.97998046875,1635.9000244140625,6.355000019073486
2022-11-07,91.79000091552734,110.12000274658203,24.350000381469723,3806.800048828125,1676.5,6.943999767303466
2022-11-14,85.87000274658203,106.66000366210938,23.729999542236328,3957.2500000000005,1773.5999755859375,5.933000087738036
2022-11-21,79.7300033569336,107.83999633789062,22.360000610351562,3949.9399414062505,1737.4000244140623,6.7760000228881845
2022-11-28,77.23999786376953,106.68000030517578,22.209999084472656,3963.93994140625,1740.0999755859377,6.7119998931884775
2022-12-05,76.93000030517578,105.29000091552734,20.75,3998.8400878906245,1767.4000244140625,5.577000141143799
2022-12-12,73.16999816894531,105.12999725341795,25.000000000000004,3990.56005859375,1780.5,6.586999893188477
2022-12-19,75.19000244140625,104.72000122070312,22.420000076293945,3817.6599121093755,1787.699951171875,5.850999832153321
2022-12-26,79.55999755859375,104.30999755859376,20.8700008392334,3844.8200683593755,1795.9000244140627,5.078999996185303
2023-01-02,80.26000213623047,103.5199966430664,21.670000076293945,3839.5000000000005,1819.699951171875,4.474999904632568
2023-01-09,74.62999725341797,103.0,21.969999313354492,3892.0900878906245,1872.6999511718752,3.910000085830689
2023-01-16,79.86000061035156,102.19999694824219,18.350000381469727,3999.090087890625,1918.4000244140625,3.4189999103546147
2023-01-23,81.62000274658203,102.13999938964844,19.809999465942383,4019.81005859375,1927.0999755859375,3.4470000267028813
2023-01-30,77.9000015258789,102.27999877929688,19.940000534057617,4017.77001953125,1922.9000244140623,2.677000045776367
2023-02-06,74.11000061035156,103.62000274658203,19.43000030517578,4111.080078125,1866.199951171875,2.4570000171661377
2023-02-13,80.13999938964844,103.34999847412111,20.34000015258789,4137.2900390625,1851.9000244140625,2.4049999713897705
2023-02-20,76.33999633789062,103.86000061035156,20.020000457763672,4079.090087890625,1840.4000244140625,2.2750000953674316
2023-02-27,75.68000030517578,104.66999816894531,20.950000762939453,3982.239990234375,1816.9999999999998,2.7309999465942383
2023-03-06,80.45999908447266,104.34999847412108,18.610000610351562,4048.419921875,1847.9000244140627,2.572000026702881
2023-03-13,74.80000305175781,103.5999984741211,26.52000045776367,3855.760009765625,1911.699951171875,2.6059999465942383
2023-03-20,67.63999938964844,103.27999877929688,24.149999618530273,3951.570068359375,1979.1999511718748,2.2230000495910645
2023-03-27,72.80999755859375,102.86000061035156,20.600000381469727,3977.5300292968745,1952.4000244140625,2.0880000591278076
2023-04-03,80.41999816894531,102.08999633789061,18.549999237060547,4124.509765625,1983.9000244140625,2.0969998836517334
2023-04-10,79.73999786376953,102.58000183105467,18.969999313354492,4109.109863281249,1989.0999755859375,2.171999931335449
2023-04-17,80.83000183105469,102.0999984741211,16.950000762939453,4151.31982421875,1994.199951171875,2.2750000953674316
2023-04-24,78.76000213623047,101.3499984741211,16.889999389648434,4137.0400390625,1989.0999755859375,2.2730000019073486
2023-05-01,75.66000366210938,102.15000152587892,16.079999923706055,4167.8701171875,1983.4000244140623,2.318000078201294
2023-05-08,73.16000366210938,101.37000274658205,16.979999542236325,4138.120117187499,2026.3000488281252,2.23799991607666
2023-05-15,71.11000061035156,102.43000030517578,17.1200008392334,4136.27978515625,2018.0,2.375
2023-05-22,71.98999786376953,103.19999694824217,17.209999084472656,4192.6298828125,1974.800048828125,2.4000000953674316
2023-05-29,72.66999816894531,104.20999908447266,17.950000762939457,4205.4501953125,1944.0999755859377,2.180999994277954
2023-06-05,72.1500015258789,104.0,14.729999542236328,4273.7900390625,1958.0,2.244999885559082
2023-06-12,67.12000274658203,103.62999725341797,15.010000228881834,4338.93017578125,1955.3000488281252,2.2660000324249268
2023-06-19,71.77999877929688,102.30000305175781,13.539999961853026,4409.589843749999,1958.4000244140625,2.631999969482422
2023-06-26,69.37000274658203,102.69000244140625,14.25,4328.81982421875,1923.699951171875,2.7909998893737793
2023-07-03,69.79000091552734,102.98999786376955,13.569999694824219,4455.58984375,1921.699951171875,2.7090001106262207
2023-07-10,72.98999786376953,101.97000122070314,15.069999694824219,4409.529785156249,1924.9999999999998,2.6689999103546143
2023-07-17,74.1500015258789,99.83999633789062,13.479999542236328,4522.7900390625,1952.4000244140625,2.51200008392334
2023-07-24,78.73999786376953,101.3499984741211,13.909999847412108,4554.64013671875,1960.300048828125,2.684999942779541
2023-07-31,81.80000305175781,101.86000061035156,13.630000114440916,4588.9599609375,1970.5,2.634000062942505
2023-08-07,81.94000244140625,102.05000305175781,15.77000045776367,4518.439941406249,1933.5,2.7249999046325684
2023-08-14,82.51000213623047,103.19000244140625,14.819999694824219,4489.72021484375,1910.5999755859375,2.7950000762939453
2023-08-21,80.72000122070312,103.33000183105467,17.1299991607666,4399.77001953125,1893.3000488281248,2.631999969482422
2023-08-28,80.0999984741211,104.05999755859375,15.079999923706055,4433.31005859375,1917.9000244140625,2.5789999961853027
2023-09-04,85.55000305175781,104.23999786376953,13.090000152587887,4515.77001953125,1939.800048828125,2.765000104904175
2023-09-11,87.29000091552734,104.56999969482422,13.800000190734865,4487.459960937499,1923.300048828125,2.6080000400543213
2023-09-18,91.4800033569336,105.19999694824219,13.999999999999998,4453.52978515625,1931.5000000000002,2.7279999256134033
2023-09-25,89.68000030517578,106.00000000000001,16.899999618530273,4337.43994140625,1916.5999755859377,2.6389999389648438
2023-10-02,88.81999969482423,106.9000015258789,17.610000610351562,4288.39013671875,1830.0000000000002,2.839999914169312
2023-10-09,86.37999725341797,106.08000183105469,17.700000762939453,4335.660156250001,1849.5,3.375999927520752
2023-10-16,86.66000366210938,106.23999786376952,17.209999084472656,4373.6298828125,1921.0999755859375,3.108999967575073
2023-10-23,85.48999786376953,105.54000091552734,20.3700008392334,4217.0400390625,1976.300048828125,2.926000118255615
2023-10-30,82.30999755859375,106.12000274658203,19.75,4166.81982421875,1996.199951171875,3.351999998092652
2023-11-06,80.81999969482422,105.22000122070314,14.890000343322754,4365.979980468751,1981.5999755859377,3.2639999389648438
2023-11-13,78.26000213623047,105.66000366210938,14.760000228881836,4411.549804687501,1945.5000000000002,3.197000026702881
2023-11-20,77.5999984741211,103.47000122070312,13.40999984741211,4547.379882812499,1977.699951171875,2.8819999694824214
2023-11-27,74.86000061035156,103.19999694824217,12.689999580383299,4550.43017578125,2011.8000488281252,2.7939999103546143
2023-12-04,73.04000091552734,103.63999938964844,13.079999923706055,4569.77978515625,2024.0999755859375,2.694000005722046
2023-12-11,71.31999969482422,104.0999984741211,12.630000114440918,4622.43994140625,1978.0,2.430999994277954
2023-12-18,72.47000122070312,102.51000213623047,12.560000419616703,4740.56005859375,2026.3000488281252,2.503000020980835
2023-12-25,73.55999755859375,101.69999694824217,13.029999732971191,4754.6298828125,2057.1000976562505,2.609999895095825
2024-01-01,71.6500015258789,101.33000183105469,12.449999809265137,4769.830078125,2062.39990234375,2.5139999389648438
2024-01-08,70.7699966430664,102.20999908447267,13.079999923706055,4763.540039062501,2026.5999755859375,2.9800000190734863
2024-01-15,72.68000030517578,102.4000015258789,12.699999809265138,4783.830078124999,2046.699951171875,3.312999963760376
2024-01-22,75.19000244140625,103.33000183105467,13.189999580383297,4850.430175781249,2019.800048828125,2.4189999103546143
2024-01-29,76.77999877929688,103.61000061035156,13.600000381469727,4927.93017578125,2025.199951171875,2.490000009536743
2024-02-05,72.77999877929688,104.44999694824219,13.670000076293949,4942.81005859375,2025.6999511718748,2.0820000171661377
2024-02-12,76.91999816894531,104.16999816894531,13.930000305175781,5021.83984375,2018.199951171875,1.7680000066757204
2024-02-19,79.19000244140625,104.27999877929688,14.239999771118164,5005.56982421875,2011.5,1.6089999675750735
2024-02-26,77.58000183105469,103.83000183105469,13.739999771118166,5069.529785156251,2028.4999999999998,1.6590000391006468
2024-03-04,78.73999786376953,103.83000183105469,13.489999771118164,5130.950195312501,2117.699951171875,1.9160000085830686
2024-03-11,77.93000030517578,102.87000274658203,15.220000267028807,5117.93994140625,2182.5,1.7589999437332156
2024-03-18,82.72000122070312,103.58000183105469,14.329999923706055,5149.419921875,2160.699951171875,1.7029999494552612
2024-03-25,81.94999694824219,104.23000335693361,13.189999580383297,5218.189941406249,2174.800048828125,1.6150000095367434
2024-04-01,83.70999908447266,105.0199966430664,13.649999618530275,5243.77001953125,2236.5000000000005,1.837000012397766
2024-04-08,86.43000030517578,104.13999938964842,15.1899995803833,5202.39013671875,2331.699951171875,1.8439999818801878
2024-04-15,85.41000366210938,106.20999908447267,19.229999542236328,5061.81982421875,2365.800048828125,1.690999984741211
2024-04-22,82.8499984741211,106.08000183105469,16.940000534057617,5010.60009765625,2332.199951171875,1.7910000085830688
2024-04-29,82.62999725341797,105.5800018310547,14.670000076293945,5116.169921875,2345.39990234375,2.0299999713897705
2024-05-06,78.4800033569336,105.05000305175781,13.489999771118164,5180.740234375,2321.60009765625,2.194999933242798
2024-05-13,79.12000274658203,105.22000122070314,13.600000381469727,5221.419921874999,2336.1000976562505,2.38100004196167
2024-05-20,79.80000305175781,104.56999969482422,12.149999618530275,5308.1298828125,2433.89990234375,2.750999927520752
2024-05-27,77.72000122070312,104.72000122070312,11.930000305175783,5304.72021484375,2332.5,2.5199999809265137
2024-06-03,74.22000122070312,104.13999938964842,13.109999656677246,5283.399902343749,2346.6000976562495,2.75600004196167
2024-06-10,77.73999786376953,105.1500015258789,12.739999771118164,5360.7900390625,2307.699951171875,2.9059998989105225
2024-06-17,80.33000183105469,105.31999969482422,12.750000000000004,5473.22998046875,2312.39990234375,2.7880001068115234
2024-06-24,81.62999725341797,105.47000122070312,13.329999923706053,5447.870117187501,2330.0,2.8110001087188725
2024-07-01,83.37999725341797,105.9000015258789,12.220000267028807,5475.08984375,2327.6000976562505,2.4779999256134033
2024-07-08,82.33000183105469,105.01000213623045,12.369999885559082,5572.850097656249,2355.199951171875,2.365999937057495
2024-07-15,81.91000366210938,104.19000244140625,13.119999885559082,5631.220214843751,2422.8999023437505,2.1579999923706055
2024-07-22,79.77999877929688,104.30999755859376,14.90999984741211,5564.410156250001,2392.0,2.250999927520752
2024-07-29,75.80999755859375,104.55999755859374,16.600000381469727,5463.5400390625,2377.300048828125,1.9069999456405642
2024-08-05,72.94000244140625,102.69000244140625,38.56999969482422,5186.330078125,2401.699951171875,1.9420000314712522
2024-08-12,80.05999755859375,103.13999938964845,20.709999084472656,5344.39013671875,2462.3999023437495,2.188999891281128
2024-08-19,74.37000274658203,101.88999938964844,14.649999618530272,5608.25,2501.800048828125,2.234999895095825
2024-08-26,77.41999816894531,100.8499984741211,16.149999618530273,5616.839843750001,2517.699951171875,1.9559999704360962
2024-09-02,73.55000305175781,101.69999694824217,15.0,5648.399902343751,2493.800048828125,2.127000093460083
2024-09-09,68.70999908447266,101.55000305175781,19.450000762939457,5471.0498046875,2501.800048828125,2.1700000762939453
2024-09-16,70.08999633789062,100.76000213623047,17.139999389648438,5633.08984375,2580.39990234375,2.372999906539917
2024-09-23,70.37000274658203,100.9199981689453,15.890000343322754,5718.56982421875,2626.5,2.61299991607666
2024-09-30,68.16999816894531,100.77999877929688,16.729999542236328,5762.479980468751,2636.1000976562495,2.9230000972747803
2024-10-07,77.13999938964844,102.54000091552736,22.639999389648438,5695.939941406251,2644.8000488281255,2.746000051498413
2024-10-14,73.83000183105469,103.30000305175783,19.700000762939453,5859.85009765625,2647.800048828125,2.49399995803833
2024-10-21,70.55999755859375,104.01000213623047,18.3700008392334,5853.97998046875,2723.1000976562495,2.312000036239624
2024-10-28,67.37999725341797,104.3199996948242,19.799999237060547,5823.52001953125,2742.8999023437505,2.309000015258789
2024-11-04,71.47000122070312,103.88999938964844,21.979999542236328,5712.689941406249,2736.10009765625,2.780999898910522
2024-11-11,68.04000091552734,105.54000091552734,14.970000267028809,6001.35009765625,2611.1999511718745,2.920000076293945
2024-11-18,69.16000366210938,106.27999877929688,15.579999923706056,5893.620117187501,2610.60009765625,2.973000049591065
2024-11-25,68.94000244140625,106.81999969482422,14.600000381469727,5987.3701171875,2616.800048828125,3.36899995803833
2024-12-02,68.0999984741211,106.44999694824217,13.340000152587892,6047.14990234375,2634.89990234375,3.2130000591278076
2024-12-09,68.37000274658203,106.15000152587892,14.189999580383299,6052.85009765625,2664.8999023437495,3.1819999217987065
2024-12-16,70.70999908447266,106.86000061035156,14.689999580383297,6074.080078124999,2651.3999023437505,3.213999986648559
2024-12-23,69.23999786376953,108.04000091552734,16.780000686645504,5974.06982421875,2612.3000488281245,3.655999898910522
2024-12-30,70.98999786376953,108.12999725341798,17.399999618530273,5906.93994140625,2606.10009765625,3.936000108718872
2025-01-06,73.55999755859375,108.26000213623048,16.040000915527344,5975.3798828125,2638.39990234375,3.6719999313354497
2025-01-13,78.81999969482422,109.95999908447266,19.190000534057617,5836.22021484375,2673.5000000000005,3.934000015258789
2025-01-20,77.87999725341797,109.3499984741211,15.97000026702881,5996.66015625,2744.300048828125,3.947999954223633
2025-01-27,73.16999816894531,107.33999633789062,17.899999618530273,6012.279785156249,2737.4999999999995,3.697000026702881
2025-02-03,73.16000366210938,108.98999786376953,18.6200008392334,5994.56982421875,2833.8999023437505,3.351999998092652
2025-02-10,72.31999969482422,108.3199996948242,15.8100004196167,6066.43994140625,2914.3000488281255,3.444000005722046
2025-02-17,70.73999786376953,106.56999969482423,14.770000457763672,6114.6298828125,2883.6000976562495,3.724999904632569
2025-02-24,70.69999694824219,106.59999847412111,18.979999542236328,5983.250000000001,2947.89990234375,3.9939999580383296
2025-03-03,68.37000274658203,106.75000000000001,22.780000686645508,5849.720214843749,2890.199951171875,4.122000217437744
2025-03-10,66.02999877929688,103.91000366210938,27.860000610351562,5614.56005859375,2891.0,4.491000175476074
2025-03-17,67.58000183105469,103.37000274658203,20.510000228881836,5675.1201171875,3000.0,4.01800012588501
2025-03-24,69.11000061035156,104.26000213623045,17.479999542236328,5767.569824218749,3013.10009765625,3.9140000343322754
2025-03-31,71.4800033569336,104.20999908447266,22.280000686645508,5611.85009765625,3122.800048828125,4.11899995803833
2025-04-07,60.70000076293945,103.26000213623047,46.97999954223633,5062.249999999999,2951.300048828125,3.6549999713897705
2025-04-14,61.529998779296875,99.63999938964844,30.889999389648434,5405.97021484375,3204.8000488281245,3.3250000476837154
2025-04-21,63.08000183105469,98.27999877929688,33.81999969482422,5158.2001953125,3406.199951171875,3.0160000324249268
2025-04-28,62.04999923706055,99.01000213623047,25.149999618530273,5528.749999999999,3332.4999999999995,3.1700000762939453
2025-05-05,57.13000106811523,99.83000183105469,23.639999389648438,5650.379882812499,3311.3000488281245,3.549999952316284
2025-05-12,61.95000076293946,101.79000091552736,18.389999389648438,5844.18994140625,3219.9999999999995,3.645999908447265
2025-05-19,62.689998626708984,100.43000030517578,18.139999389648438,5963.60009765625,3228.8999023437505,3.1129999160766597
2025-05-26,61.529998779296875,98.9300003051758,22.290000915527344,5802.819824218749,3363.60009765625,3.3340001106262207
2025-06-02,62.52000045776367,98.69999694824219,18.360000610351562,5935.93994140625,3370.60009765625,3.6940000057220455
2025-06-09,65.29000091552734,98.94000244140624,17.159999847412106,6005.879882812501,3332.100097656251,3.6349999904632564
2025-06-16,71.7699966430664,98.00000000000001,19.110000610351562,6033.109863281249,3396.3999023437495,3.747999906539917
2025-06-23,68.51000213623047,98.41999816894533,19.829999923706055,6025.169921875,3377.699951171875,3.6979999542236333
2025-06-30,65.11000061035156,96.87999725341797,16.729999542236328,6204.9501953125,3294.3999023437505,3.4560000896453857
2025-07-07,67.93000030517578,97.4800033569336,17.790000915527344,6229.97998046875,3332.199951171875,3.4119999408721924
2025-07-14,66.9800033569336,98.08000183105469,17.200000762939453,6268.56005859375,3351.5,3.4660000801086426
2025-07-21,67.19999694824219,97.84999847412108,16.649999618530273,6305.60009765625,3401.89990234375,3.3250000476837154
2025-07-28,66.70999908447266,98.66000366210938,15.029999732971193,6389.770019531249,3309.10009765625,2.98799991607666
2025-08-04,66.29000091552734,98.77999877929689,17.520000457763672,6329.93994140625,3374.39990234375,2.931999921798706
2025-08-11,63.959999084472656,98.5199966430664,16.25,6373.4501953125,3353.10009765625,2.9539999961853027
2025-08-18,63.41999816894531,98.16999816894531,14.989999771118164,6449.149902343749,3331.6999511718755,2.890000104904175
2025-08-25,64.80000305175781,98.43000030517578,14.789999961853027,6439.319824218749,3373.8000488281245,2.696000099182129
2025-09-01,64.01000213623047,97.7699966430664,15.35999965667725,6460.259765625,3473.699951171875,2.996999979019165
2025-09-08,62.2599983215332,97.44999694824219,15.109999656677244,6495.149902343751,3638.10009765625,3.0899999141693115
2025-09-15,63.29999923706055,97.30000305175781,15.689999580383299,6615.27978515625,3682.1999511718755,3.0429999828338623
2025-09-22,62.63999938964844,97.33000183105469,16.100000381469727,6693.75,3740.6999511718755,2.805999994277954
2025-09-29,63.45000076293945,97.91000366210938,16.1200008392334,6661.2099609375,3820.89990234375,3.2669999599456783
2025-10-06,61.689998626708984,98.11000061035156,16.3700008392334,6740.279785156251,3948.500000000001,3.3570001125335693
2025-10-13,59.4900016784668,99.2699966430664,19.030000686645508,6654.72021484375,4108.60009765625,3.118000030517578
2025-10-20,57.52000045776367,98.58999633789062,18.229999542236328,6735.1298828125,4336.39990234375,3.3970000743865967
2025-10-27,61.31000137329102,98.77999877929689,15.78999996185303,6875.16015625,4001.8999023437505,3.441999912261963
2025-11-03,61.04999923706055,99.87000274658205,17.170000076293945,6851.970214843749,4000.300048828125,4.265999794006348
2025-11-10,60.130001068115234,99.62000274658203,17.600000381469727,6832.430175781251,4111.7998046875,4.3379998207092285
2025-11-17,59.90999984741211,99.58999633789064,22.3799991607666,6672.410156249999,4068.3000488281255,4.361000061035156
2025-11-24,58.84000015258789,100.13999938964842,20.520000457763672,6705.1201171875,4091.89990234375,4.548999786376953
2025-12-01,59.31999969482422,99.41000366210938,17.239999771118164,6812.629882812501,4239.2998046875,4.921000003814697
2025-12-08,58.88000106811524,99.08999633789062,16.65999984741211,6846.509765625,4187.2001953125,4.9120001792907715
2025-12-15,56.81999969482422,98.15000152587892,16.5,6816.509765625,4306.700195312501,4.01200008392334
2025-12-22,58.0099983215332,98.29000091552734,14.079999923706053,6878.490234375,4444.60009765625,3.9649999141693115
2025-12-29,58.080001831054695,98.04000091552734,14.199999809265138,6905.740234375,4325.10009765625,4.686999797821045
2026-01-05,58.31999969482422,98.26999664306639,14.899999618530273,6902.0498046875,4436.89990234375,3.5230000019073486
2026-01-12,59.5,98.86000061035156,15.119999885559084,6977.27001953125,4604.2998046875,3.408999919891357
2026-01-19,59.439998626708984,99.38999938964844,15.859999656677248,6940.009765625001,4588.39990234375,3.1029999256134038
2026-01-26,60.630001068115234,97.04000091552736,16.149999618530273,6950.22998046875,5079.7001953125,6.800000190734862
2026-02-02,62.13999938964844,97.61000061035158,16.340000152587887,6976.43994140625,4622.5,3.236999988555908
2026-02-09,64.36000061035156,96.81999969482422,17.360000610351562,6964.81982421875,5050.89990234375,3.138000011444092
2026-02-16,62.88999938964844,96.87999725341797,20.600000381469727,6836.169921874999,5022.0,3.243000030517578
2026-02-23,66.30999755859375,97.69999694824217,21.010000228881836,6837.75,5204.700195312501,2.984999895095825
2026-03-02,71.2300033569336,98.37999725341797,21.440000534057617,6881.6201171875,5294.39990234375,2.9600000381469727
2026-03-09,94.76999664306642,99.18000030517577,25.5,6795.990234375,5091.5,3.119999885559082
2026-03-16,93.5,99.70999908447266,23.510000228881836,6699.379882812501,4994.000000000001,3.0230000019073486
2026-03-23,88.12999725341797,98.94999694824219,26.149999618530273,6581.0,4404.10009765625,2.8910000324249268
2026-03-30,102.87999725341795,100.51000213623047,30.610000610351562,6343.72021484375,4526.0,2.88700008392334
2026-04-06,112.41000366210938,99.9800033569336,24.170000076293945,6611.830078125,4656.7998046875,2.8110001087188725
2026-04-13,99.0800018310547,98.37000274658202,19.1200008392334,6886.240234375,4742.39990234375,2.627000093460083
2026-04-20,89.61000061035156,98.05000305175781,18.8700008392334,7109.14013671875,4806.60009765625,2.688999891281128
2026-04-27,96.37000274658203,98.4800033569336,18.020000457763672,7173.91015625,4675.39990234375,2.549999952316284
2026-05-04,106.41999816894531,98.47000122070312,18.290000915527344,7200.75,4519.5,2.867000102996826
2026-05-11,98.06999969482422,97.94000244140625,18.3799991607666,7412.839843749999,4718.700195312501,2.910000085830688
2026-05-18,108.66000366210938,98.97000122070311,17.81999969482422,7403.0498046875,4552.5,3.0239999294281
2026-05-25,96.5999984741211,99.31999969482423,16.700000762939453,7473.47021484375,4521.0,2.9070000648498535
